[2026-04-12 13:57:06.614] [info] Using configuration file /home/snow/.config/waybar/config.jsonc
[2026-04-12 13:57:06.617] [info] Discovered appearance 'dark'
[2026-04-12 13:57:06.645] [info] Using CSS file /home/snow/.config/waybar/style.css
[2026-04-12 13:57:06.654] [info] Hyprland IPC starting
[2026-04-12 13:57:06.655] [info] Loading persistent workspaces from Waybar config
[2026-04-12 13:57:06.655] [info] Loading persistent workspaces from Hyprland workspace rules
[2026-04-12 13:57:06.675] [info] Loading persistent workspaces from Waybar config
[2026-04-12 13:57:06.675] [info] Loading persistent workspaces from Hyprland workspace rules
[2026-04-12 13:57:06.802] [error] Host: GDBus.Error:org.freedesktop.DBus.Error.UnknownObject: No such object path '/StatusNotifierWatcher'
[2026-04-12 13:57:06.802] [error] Host: GDBus.Error:org.freedesktop.DBus.Error.UnknownObject: No such object path '/StatusNotifierWatcher'
[2026-04-12 13:57:06.968] [info] Bar configured (width: 2560, height: 49) for output: DP-1
[2026-04-12 13:57:06.969] [info] Bar configured (width: 1920, height: 49) for output: HDMI-A-1
[2026-04-12 13:57:09.734] [info] Hyprland config reloaded, reinitializing hyprland/workspaces module...
[2026-04-12 13:57:09.752] [info] Loading persistent workspaces from Waybar config
[2026-04-12 13:57:09.752] [info] Loading persistent workspaces from Hyprland workspace rules
[2026-04-12 13:57:09.752] [info] Hyprland config reloaded, reinitializing hyprland/workspaces module...
[2026-04-12 13:57:09.753] [info] Loading persistent workspaces from Waybar config
[2026-04-12 13:57:09.754] [info] Loading persistent workspaces from Hyprland workspace rules
[2026-04-12 13:57:12.359] [info] Hyprland config reloaded, reinitializing hyprland/workspaces module...
[2026-04-12 13:57:12.379] [info] Loading persistent workspaces from Waybar config
[2026-04-12 13:57:12.379] [info] Loading persistent workspaces from Hyprland workspace rules
[2026-04-12 13:57:12.379] [info] Hyprland config reloaded, reinitializing hyprland/workspaces module...
[2026-04-12 13:57:12.380] [info] Loading persistent workspaces from Waybar config
[2026-04-12 13:57:12.380] [info] Loading persistent workspaces from Hyprland workspace rules
[2026-04-12 13:57:17.566] [info] Hyprland config reloaded, reinitializing hyprland/workspaces module...
[2026-04-12 13:57:17.573] [info] Loading persistent workspaces from Waybar config
[2026-04-12 13:57:17.573] [info] Loading persistent workspaces from Hyprland workspace rules
[2026-04-12 13:57:17.574] [info] Hyprland config reloaded, reinitializing hyprland/workspaces module...
[2026-04-12 13:57:17.575] [info] Loading persistent workspaces from Waybar config
[2026-04-12 13:57:17.575] [info] Loading persistent workspaces from Hyprland workspace rules
[2026-04-12 14:00:04.611] [info] Hyprland config reloaded, reinitializing hyprland/workspaces module...
[2026-04-12 14:00:04.628] [info] Loading persistent workspaces from Waybar config
[2026-04-12 14:00:04.628] [info] Loading persistent workspaces from Hyprland workspace rules
[2026-04-12 14:00:04.628] [info] Hyprland config reloaded, reinitializing hyprland/workspaces module...
[2026-04-12 14:00:04.629] [info] Loading persistent workspaces from Waybar config
[2026-04-12 14:00:04.629] [info] Loading persistent workspaces from Hyprland workspace rules
[2026-04-12 14:39:48.448] [info] Hyprland config reloaded, reinitializing hyprland/workspaces module...
[2026-04-12 14:39:48.494] [info] Loading persistent workspaces from Waybar config
[2026-04-12 14:39:48.494] [info] Loading persistent workspaces from Hyprland workspace rules
[2026-04-12 14:39:48.494] [info] Hyprland config reloaded, reinitializing hyprland/workspaces module...
[2026-04-12 14:39:48.495] [info] Loading persistent workspaces from Waybar config
[2026-04-12 14:39:48.495] [info] Loading persistent workspaces from Hyprland workspace rules
[2026-04-12 14:39:49.359] [info] Hyprland config reloaded, reinitializing hyprland/workspaces module...
[2026-04-12 14:39:49.363] [info] Loading persistent workspaces from Waybar config
[2026-04-12 14:39:49.363] [info] Loading persistent workspaces from Hyprland workspace rules
[2026-04-12 14:39:49.363] [info] Hyprland config reloaded, reinitializing hyprland/workspaces module...
[2026-04-12 14:39:49.364] [info] Loading persistent workspaces from Waybar config
[2026-04-12 14:39:49.364] [info] Loading persistent workspaces from Hyprland workspace rules
[0.106] Ignoring invalid config line: 'kitty_mod+c copy_to_clipboard'
[0.106] Ignoring invalid config line: 'cmd+c copy_or_noop'
[0.106] Ignoring invalid config line: 'kitty_mod+v paste_from_clipboard'
[0.106] Ignoring invalid config line: 'cmd+v       paste_from_clipboard'
[0.106] Ignoring invalid config line: 'kitty_mod+s  paste_from_selection'
[0.106] Ignoring invalid config line: 'shift+insert paste_from_selection'
[0.106] Ignoring invalid config line: 'kitty_mod+o pass_selection_to_program'
[0.106] Ignoring invalid config line: 'kitty_mod+up    scroll_line_up'
[0.106] Ignoring invalid config line: 'kitty_mod+k     scroll_line_up'
[0.106] Ignoring invalid config line: 'opt+cmd+page_up scroll_line_up'
[0.106] Ignoring invalid config line: 'cmd+up          scroll_line_up'
[0.106] Ignoring invalid config line: 'kitty_mod+down    scroll_line_down'
[0.106] Ignoring invalid config line: 'kitty_mod+j       scroll_line_down'
[0.106] Ignoring invalid config line: 'opt+cmd+page_down scroll_line_down'
[0.106] Ignoring invalid config line: 'cmd+down          scroll_line_down'
[0.106] Ignoring invalid config line: 'kitty_mod+page_up scroll_page_up'
[0.106] Ignoring invalid config line: 'cmd+page_up       scroll_page_up'
[0.106] Ignoring invalid config line: 'kitty_mod+page_down scroll_page_down'
[0.106] Ignoring invalid config line: 'cmd+page_down       scroll_page_down'
[0.106] Ignoring invalid config line: 'kitty_mod+home scroll_home'
[0.106] Ignoring invalid config line: 'cmd+home       scroll_home'
[0.106] Ignoring invalid config line: 'kitty_mod+end scroll_end'
[0.106] Ignoring invalid config line: 'cmd+end       scroll_end'
[0.106] Ignoring invalid config line: 'kitty_mod+z scroll_to_prompt -1'
[0.106] Ignoring invalid config line: 'kitty_mod+x scroll_to_prompt 1'
[0.106] Ignoring invalid config line: 'kitty_mod+h show_scrollback'
[0.106] Ignoring invalid config line: 'kitty_mod+g show_last_command_output'
[0.106] Ignoring invalid config line: 'kitty_mod+enter new_window'
[0.106] Ignoring invalid config line: 'cmd+enter       new_window'
[0.107] Ignoring invalid config line: 'kitty_mod+n new_os_window'
[0.107] Ignoring invalid config line: 'cmd+n       new_os_window'
[0.107] Ignoring invalid config line: 'kitty_mod+w close_window'
[0.107] Ignoring invalid config line: 'shift+cmd+d close_window'
[0.107] Ignoring invalid config line: 'kitty_mod+] next_window'
[0.107] Ignoring invalid config line: 'kitty_mod+[ previous_window'
[0.107] Ignoring invalid config line: 'kitty_mod+f move_window_forward'
[0.107] Ignoring invalid config line: 'kitty_mod+b move_window_backward'
[0.107] Ignoring invalid config line: 'kitty_mod+` move_window_to_top'
[0.107] Ignoring invalid config line: 'kitty_mod+r start_resizing_window'
[0.107] Ignoring invalid config line: 'cmd+r       start_resizing_window'
[0.107] Ignoring invalid config line: 'kitty_mod+1 first_window'
[0.107] Ignoring invalid config line: 'cmd+1       first_window'
[0.107] Ignoring invalid config line: 'kitty_mod+2 second_window'
[0.107] Ignoring invalid config line: 'cmd+2       second_window'
[0.107] Ignoring invalid config line: 'kitty_mod+3 third_window'
[0.107] Ignoring invalid config line: 'cmd+3       third_window'
[0.107] Ignoring invalid config line: 'kitty_mod+4 fourth_window'
[0.107] Ignoring invalid config line: 'cmd+4       fourth_window'
[0.107] Ignoring invalid config line: 'kitty_mod+5 fifth_window'
[0.107] Ignoring invalid config line: 'cmd+5       fifth_window'
[0.107] Ignoring invalid config line: 'kitty_mod+6 sixth_window'
[0.107] Ignoring invalid config line: 'cmd+6       sixth_window'
[0.107] Ignoring invalid config line: 'kitty_mod+7 seventh_window'
[0.107] Ignoring invalid config line: 'cmd+7       seventh_window'
[0.107] Ignoring invalid config line: 'kitty_mod+8 eighth_window'
[0.107] Ignoring invalid config line: 'cmd+8       eighth_window'
[0.107] Ignoring invalid config line: 'kitty_mod+9 ninth_window'
[0.107] Ignoring invalid config line: 'cmd+9       ninth_window'
[0.107] Ignoring invalid config line: 'kitty_mod+0 tenth_window'
[0.107] Ignoring invalid config line: 'kitty_mod+f7 focus_visible_window'
[0.107] Ignoring invalid config line: 'kitty_mod+f8 swap_with_window'
[0.107] Ignoring invalid config line: 'kitty_mod+right next_tab'
[0.107] Ignoring invalid config line: 'shift+cmd+]     next_tab'
[0.107] Ignoring invalid config line: 'ctrl+tab        next_tab'
[0.107] Ignoring invalid config line: 'kitty_mod+left previous_tab'
[0.107] Ignoring invalid config line: 'shift+cmd+[    previous_tab'
[0.107] Ignoring invalid config line: 'ctrl+shift+tab previous_tab'
[0.107] Ignoring invalid config line: 'kitty_mod+t new_tab'
[0.107] Ignoring invalid config line: 'cmd+t       new_tab'
[0.107] Ignoring invalid config line: 'kitty_mod+q close_tab'
[0.107] Ignoring invalid config line: 'cmd+w       close_tab'
[0.107] Ignoring invalid config line: 'shift+cmd+w close_os_window'
[0.107] Ignoring invalid config line: 'kitty_mod+. move_tab_forward'
[0.107] Ignoring invalid config line: 'kitty_mod+, move_tab_backward'
[0.107] Ignoring invalid config line: 'kitty_mod+alt+t set_tab_title'
[0.107] Ignoring invalid config line: 'shift+cmd+i     set_tab_title'
[0.107] Ignoring invalid config line: 'kitty_mod+l next_layout'
[0.107] Ignoring invalid config line: 'kitty_mod+equal  change_font_size all +2.0'
[0.107] Ignoring invalid config line: 'kitty_mod+plus   change_font_size all +2.0'
[0.107] Ignoring invalid config line: 'kitty_mod+kp_add change_font_size all +2.0'
[0.108] Ignoring invalid config line: 'cmd+plus         change_font_size all +2.0'
[0.108] Ignoring invalid config line: 'cmd+equal        change_font_size all +2.0'
[0.108] Ignoring invalid config line: 'shift+cmd+equal  change_font_size all +2.0'
[0.108] Ignoring invalid config line: 'kitty_mod+minus       change_font_size all -2.0'
[0.108] Ignoring invalid config line: 'kitty_mod+kp_subtract change_font_size all -2.0'
[0.108] Ignoring invalid config line: 'cmd+minus             change_font_size all -2.0'
[0.108] Ignoring invalid config line: 'shift+cmd+minus       change_font_size all -2.0'
[0.108] Ignoring invalid config line: 'kitty_mod+backspace change_font_size all 0'
[0.108] Ignoring invalid config line: 'cmd+0               change_font_size all 0'
[0.108] Ignoring invalid config line: 'kitty_mod+e open_url_with_hints'
[0.108] Ignoring invalid config line: 'kitty_mod+p>f kitten hints --type path --program -'
[0.108] Ignoring invalid config line: 'kitty_mod+p>shift+f kitten hints --type path'
[0.108] Ignoring invalid config line: 'kitty_mod+p>l kitten hints --type line --program -'
[0.108] Ignoring invalid config line: 'kitty_mod+p>w kitten hints --type word --program -'
[0.108] Ignoring invalid config line: 'kitty_mod+p>h kitten hints --type hash --program -'
[0.108] Ignoring invalid config line: 'kitty_mod+p>n kitten hints --type linenum'
[0.108] Ignoring invalid config line: 'kitty_mod+p>y kitten hints --type hyperlink'
[0.108] Ignoring invalid config line: 'kitty_mod+f1 show_kitty_doc overview'
[0.108] Ignoring invalid config line: 'kitty_mod+f11 toggle_fullscreen'
[0.108] Ignoring invalid config line: 'ctrl+cmd+f    toggle_fullscreen'
[0.108] Ignoring invalid config line: 'kitty_mod+f10 toggle_maximized'
[0.108] Ignoring invalid config line: 'opt+cmd+s toggle_macos_secure_keyboard_entry'
[0.108] Ignoring invalid config line: 'cmd+` macos_cycle_through_os_windows'
[0.108] Ignoring invalid config line: 'kitty_mod+u    kitten unicode_input'
[0.108] Ignoring invalid config line: 'ctrl+cmd+space kitten unicode_input'
[0.108] Ignoring invalid config line: 'kitty_mod+f2 edit_config_file'
[0.108] Ignoring invalid config line: 'cmd+,        edit_config_file'
[0.108] Ignoring invalid config line: 'kitty_mod+escape kitty_shell window'
[0.108] Ignoring invalid config line: 'kitty_mod+a>m set_background_opacity +0.1'
[0.108] Ignoring invalid config line: 'kitty_mod+a>l set_background_opacity -0.1'
[0.108] Ignoring invalid config line: 'kitty_mod+a>1 set_background_opacity 1'
[0.108] Ignoring invalid config line: 'kitty_mod+a>d set_background_opacity default'
[0.108] Ignoring invalid config line: 'kitty_mod+delete clear_terminal reset active'
[0.108] Ignoring invalid config line: 'opt+cmd+r        clear_terminal reset active'
[0.108] Ignoring invalid config line: 'cmd+k clear_terminal to_cursor active'
[0.108] Ignoring invalid config line: 'option+cmd+k clear_terminal scrollback active'
[0.108] Ignoring invalid config line: 'cmd+l clear_terminal last_command active'
[0.108] Ignoring invalid config line: 'cmd+ctrl+l clear_terminal to_cursor_scroll active'
[0.108] Ignoring invalid config line: 'kitty_mod+f5 load_config_file'
[0.108] Ignoring invalid config line: 'ctrl+cmd+,   load_config_file'
[0.108] Ignoring invalid config line: 'kitty_mod+f6 debug_config'
[0.108] Ignoring invalid config line: 'opt+cmd+,    debug_config'
[0.108] Ignoring invalid config line: 'shift+cmd+/ open_url https://sw.kovidgoyal.net/kitty/'
[0.108] Ignoring invalid config line: 'cmd+h hide_macos_app'
[0.108] Ignoring invalid config line: 'opt+cmd+h hide_macos_other_apps'
[0.109] Ignoring invalid config line: 'cmd+m minimize_macos_window'
[0.109] Ignoring invalid config line: 'cmd+q quit'
[0.109] Ignoring invalid config line: 'foreground'
[0.055] Ignoring invalid config line: 'kitty_mod+c copy_to_clipboard'
[0.055] Ignoring invalid config line: 'cmd+c copy_or_noop'
[0.055] Ignoring invalid config line: 'kitty_mod+v paste_from_clipboard'
[0.055] Ignoring invalid config line: 'cmd+v       paste_from_clipboard'
[0.055] Ignoring invalid config line: 'kitty_mod+s  paste_from_selection'
[0.055] Ignoring invalid config line: 'shift+insert paste_from_selection'
[0.055] Ignoring invalid config line: 'kitty_mod+o pass_selection_to_program'
[0.055] Ignoring invalid config line: 'kitty_mod+up    scroll_line_up'
[0.055] Ignoring invalid config line: 'kitty_mod+k     scroll_line_up'
[0.055] Ignoring invalid config line: 'opt+cmd+page_up scroll_line_up'
[0.055] Ignoring invalid config line: 'cmd+up          scroll_line_up'
[0.055] Ignoring invalid config line: 'kitty_mod+down    scroll_line_down'
[0.055] Ignoring invalid config line: 'kitty_mod+j       scroll_line_down'
[0.055] Ignoring invalid config line: 'opt+cmd+page_down scroll_line_down'
[0.055] Ignoring invalid config line: 'cmd+down          scroll_line_down'
[0.055] Ignoring invalid config line: 'kitty_mod+page_up scroll_page_up'
[0.055] Ignoring invalid config line: 'cmd+page_up       scroll_page_up'
[0.055] Ignoring invalid config line: 'kitty_mod+page_down scroll_page_down'
[0.055] Ignoring invalid config line: 'cmd+page_down       scroll_page_down'
[0.055] Ignoring invalid config line: 'kitty_mod+home scroll_home'
[0.055] Ignoring invalid config line: 'cmd+home       scroll_home'
[0.055] Ignoring invalid config line: 'kitty_mod+end scroll_end'
[0.055] Ignoring invalid config line: 'cmd+end       scroll_end'
[0.055] Ignoring invalid config line: 'kitty_mod+z scroll_to_prompt -1'
[0.055] Ignoring invalid config line: 'kitty_mod+x scroll_to_prompt 1'
[0.056] Ignoring invalid config line: 'kitty_mod+h show_scrollback'
[0.056] Ignoring invalid config line: 'kitty_mod+g show_last_command_output'
[0.056] Ignoring invalid config line: 'kitty_mod+enter new_window'
[0.056] Ignoring invalid config line: 'cmd+enter       new_window'
[0.056] Ignoring invalid config line: 'kitty_mod+n new_os_window'
[0.056] Ignoring invalid config line: 'cmd+n       new_os_window'
[0.056] Ignoring invalid config line: 'kitty_mod+w close_window'
[0.056] Ignoring invalid config line: 'shift+cmd+d close_window'
[0.056] Ignoring invalid config line: 'kitty_mod+] next_window'
[0.056] Ignoring invalid config line: 'kitty_mod+[ previous_window'
[0.056] Ignoring invalid config line: 'kitty_mod+f move_window_forward'
[0.056] Ignoring invalid config line: 'kitty_mod+b move_window_backward'
[0.056] Ignoring invalid config line: 'kitty_mod+` move_window_to_top'
[0.056] Ignoring invalid config line: 'kitty_mod+r start_resizing_window'
[0.056] Ignoring invalid config line: 'cmd+r       start_resizing_window'
[0.056] Ignoring invalid config line: 'kitty_mod+1 first_window'
[0.056] Ignoring invalid config line: 'cmd+1       first_window'
[0.056] Ignoring invalid config line: 'kitty_mod+2 second_window'
[0.056] Ignoring invalid config line: 'cmd+2       second_window'
[0.056] Ignoring invalid config line: 'kitty_mod+3 third_window'
[0.056] Ignoring invalid config line: 'cmd+3       third_window'
[0.056] Ignoring invalid config line: 'kitty_mod+4 fourth_window'
[0.056] Ignoring invalid config line: 'cmd+4       fourth_window'
[0.056] Ignoring invalid config line: 'kitty_mod+5 fifth_window'
[0.056] Ignoring invalid config line: 'cmd+5       fifth_window'
[0.056] Ignoring invalid config line: 'kitty_mod+6 sixth_window'
[0.056] Ignoring invalid config line: 'cmd+6       sixth_window'
[0.056] Ignoring invalid config line: 'kitty_mod+7 seventh_window'
[0.056] Ignoring invalid config line: 'cmd+7       seventh_window'
[0.056] Ignoring invalid config line: 'kitty_mod+8 eighth_window'
[0.056] Ignoring invalid config line: 'cmd+8       eighth_window'
[0.056] Ignoring invalid config line: 'kitty_mod+9 ninth_window'
[0.056] Ignoring invalid config line: 'cmd+9       ninth_window'
[0.056] Ignoring invalid config line: 'kitty_mod+0 tenth_window'
[0.056] Ignoring invalid config line: 'kitty_mod+f7 focus_visible_window'
[0.056] Ignoring invalid config line: 'kitty_mod+f8 swap_with_window'
[0.056] Ignoring invalid config line: 'kitty_mod+right next_tab'
[0.056] Ignoring invalid config line: 'shift+cmd+]     next_tab'
[0.056] Ignoring invalid config line: 'ctrl+tab        next_tab'
[0.056] Ignoring invalid config line: 'kitty_mod+left previous_tab'
[0.056] Ignoring invalid config line: 'shift+cmd+[    previous_tab'
[0.056] Ignoring invalid config line: 'ctrl+shift+tab previous_tab'
[0.056] Ignoring invalid config line: 'kitty_mod+t new_tab'
[0.056] Ignoring invalid config line: 'cmd+t       new_tab'
[0.056] Ignoring invalid config line: 'kitty_mod+q close_tab'
[0.056] Ignoring invalid config line: 'cmd+w       close_tab'
[0.056] Ignoring invalid config line: 'shift+cmd+w close_os_window'
[0.056] Ignoring invalid config line: 'kitty_mod+. move_tab_forward'
[0.056] Ignoring invalid config line: 'kitty_mod+, move_tab_backward'
[0.056] Ignoring invalid config line: 'kitty_mod+alt+t set_tab_title'
[0.056] Ignoring invalid config line: 'shift+cmd+i     set_tab_title'
[0.057] Ignoring invalid config line: 'kitty_mod+l next_layout'
[0.057] Ignoring invalid config line: 'kitty_mod+equal  change_font_size all +2.0'
[0.057] Ignoring invalid config line: 'kitty_mod+plus   change_font_size all +2.0'
[0.057] Ignoring invalid config line: 'kitty_mod+kp_add change_font_size all +2.0'
[0.057] Ignoring invalid config line: 'cmd+plus         change_font_size all +2.0'
[0.057] Ignoring invalid config line: 'cmd+equal        change_font_size all +2.0'
[0.057] Ignoring invalid config line: 'shift+cmd+equal  change_font_size all +2.0'
[0.057] Ignoring invalid config line: 'kitty_mod+minus       change_font_size all -2.0'
[0.057] Ignoring invalid config line: 'kitty_mod+kp_subtract change_font_size all -2.0'
[0.057] Ignoring invalid config line: 'cmd+minus             change_font_size all -2.0'
[0.057] Ignoring invalid config line: 'shift+cmd+minus       change_font_size all -2.0'
[0.057] Ignoring invalid config line: 'kitty_mod+backspace change_font_size all 0'
[0.057] Ignoring invalid config line: 'cmd+0               change_font_size all 0'
[0.057] Ignoring invalid config line: 'kitty_mod+e open_url_with_hints'
[0.057] Ignoring invalid config line: 'kitty_mod+p>f kitten hints --type path --program -'
[0.057] Ignoring invalid config line: 'kitty_mod+p>shift+f kitten hints --type path'
[0.057] Ignoring invalid config line: 'kitty_mod+p>l kitten hints --type line --program -'
[0.057] Ignoring invalid config line: 'kitty_mod+p>w kitten hints --type word --program -'
[0.057] Ignoring invalid config line: 'kitty_mod+p>h kitten hints --type hash --program -'
[0.057] Ignoring invalid config line: 'kitty_mod+p>n kitten hints --type linenum'
[0.057] Ignoring invalid config line: 'kitty_mod+p>y kitten hints --type hyperlink'
[0.057] Ignoring invalid config line: 'kitty_mod+f1 show_kitty_doc overview'
[0.057] Ignoring invalid config line: 'kitty_mod+f11 toggle_fullscreen'
[0.057] Ignoring invalid config line: 'ctrl+cmd+f    toggle_fullscreen'
[0.057] Ignoring invalid config line: 'kitty_mod+f10 toggle_maximized'
[0.057] Ignoring invalid config line: 'opt+cmd+s toggle_macos_secure_keyboard_entry'
[0.057] Ignoring invalid config line: 'cmd+` macos_cycle_through_os_windows'
[0.057] Ignoring invalid config line: 'kitty_mod+u    kitten unicode_input'
[0.057] Ignoring invalid config line: 'ctrl+cmd+space kitten unicode_input'
[0.057] Ignoring invalid config line: 'kitty_mod+f2 edit_config_file'
[0.057] Ignoring invalid config line: 'cmd+,        edit_config_file'
[0.057] Ignoring invalid config line: 'kitty_mod+escape kitty_shell window'
[0.057] Ignoring invalid config line: 'kitty_mod+a>m set_background_opacity +0.1'
[0.057] Ignoring invalid config line: 'kitty_mod+a>l set_background_opacity -0.1'
[0.057] Ignoring invalid config line: 'kitty_mod+a>1 set_background_opacity 1'
[0.057] Ignoring invalid config line: 'kitty_mod+a>d set_background_opacity default'
[0.057] Ignoring invalid config line: 'kitty_mod+delete clear_terminal reset active'
[0.057] Ignoring invalid config line: 'opt+cmd+r        clear_terminal reset active'
[0.057] Ignoring invalid config line: 'cmd+k clear_terminal to_cursor active'
[0.057] Ignoring invalid config line: 'option+cmd+k clear_terminal scrollback active'
[0.057] Ignoring invalid config line: 'cmd+l clear_terminal last_command active'
[0.057] Ignoring invalid config line: 'cmd+ctrl+l clear_terminal to_cursor_scroll active'
[0.057] Ignoring invalid config line: 'kitty_mod+f5 load_config_file'
[0.057] Ignoring invalid config line: 'ctrl+cmd+,   load_config_file'
[0.057] Ignoring invalid config line: 'kitty_mod+f6 debug_config'
[0.057] Ignoring invalid config line: 'opt+cmd+,    debug_config'
[0.058] Ignoring invalid config line: 'shift+cmd+/ open_url https://sw.kovidgoyal.net/kitty/'
[0.058] Ignoring invalid config line: 'cmd+h hide_macos_app'
[0.058] Ignoring invalid config line: 'opt+cmd+h hide_macos_other_apps'
[0.058] Ignoring invalid config line: 'cmd+m minimize_macos_window'
[0.058] Ignoring invalid config line: 'cmd+q quit'
[0.058] Ignoring invalid config line: 'foreground'
[0.058] Ignoring invalid config line: 'kitty_mod+c copy_to_clipboard'
[0.058] Ignoring invalid config line: 'cmd+c copy_or_noop'
[0.058] Ignoring invalid config line: 'kitty_mod+v paste_from_clipboard'
[0.058] Ignoring invalid config line: 'cmd+v       paste_from_clipboard'
[0.058] Ignoring invalid config line: 'kitty_mod+s  paste_from_selection'
[0.058] Ignoring invalid config line: 'shift+insert paste_from_selection'
[0.058] Ignoring invalid config line: 'kitty_mod+o pass_selection_to_program'
[0.058] Ignoring invalid config line: 'kitty_mod+up    scroll_line_up'
[0.058] Ignoring invalid config line: 'kitty_mod+k     scroll_line_up'
[0.058] Ignoring invalid config line: 'opt+cmd+page_up scroll_line_up'
[0.058] Ignoring invalid config line: 'cmd+up          scroll_line_up'
[0.058] Ignoring invalid config line: 'kitty_mod+down    scroll_line_down'
[0.058] Ignoring invalid config line: 'kitty_mod+j       scroll_line_down'
[0.058] Ignoring invalid config line: 'opt+cmd+page_down scroll_line_down'
[0.058] Ignoring invalid config line: 'cmd+down          scroll_line_down'
[0.058] Ignoring invalid config line: 'kitty_mod+page_up scroll_page_up'
[0.058] Ignoring invalid config line: 'cmd+page_up       scroll_page_up'
[0.058] Ignoring invalid config line: 'kitty_mod+page_down scroll_page_down'
[0.058] Ignoring invalid config line: 'cmd+page_down       scroll_page_down'
[0.058] Ignoring invalid config line: 'kitty_mod+home scroll_home'
[0.058] Ignoring invalid config line: 'cmd+home       scroll_home'
[0.058] Ignoring invalid config line: 'kitty_mod+end scroll_end'
[0.058] Ignoring invalid config line: 'cmd+end       scroll_end'
[0.058] Ignoring invalid config line: 'kitty_mod+z scroll_to_prompt -1'
[0.059] Ignoring invalid config line: 'kitty_mod+x scroll_to_prompt 1'
[0.059] Ignoring invalid config line: 'kitty_mod+h show_scrollback'
[0.059] Ignoring invalid config line: 'kitty_mod+g show_last_command_output'
[0.059] Ignoring invalid config line: 'kitty_mod+enter new_window'
[0.059] Ignoring invalid config line: 'cmd+enter       new_window'
[0.059] Ignoring invalid config line: 'kitty_mod+n new_os_window'
[0.059] Ignoring invalid config line: 'cmd+n       new_os_window'
[0.059] Ignoring invalid config line: 'kitty_mod+w close_window'
[0.059] Ignoring invalid config line: 'shift+cmd+d close_window'
[0.059] Ignoring invalid config line: 'kitty_mod+] next_window'
[0.059] Ignoring invalid config line: 'kitty_mod+[ previous_window'
[0.059] Ignoring invalid config line: 'kitty_mod+f move_window_forward'
[0.059] Ignoring invalid config line: 'kitty_mod+b move_window_backward'
[0.059] Ignoring invalid config line: 'kitty_mod+` move_window_to_top'
[0.059] Ignoring invalid config line: 'kitty_mod+r start_resizing_window'
[0.059] Ignoring invalid config line: 'cmd+r       start_resizing_window'
[0.059] Ignoring invalid config line: 'kitty_mod+1 first_window'
[0.059] Ignoring invalid config line: 'cmd+1       first_window'
[0.059] Ignoring invalid config line: 'kitty_mod+2 second_window'
[0.059] Ignoring invalid config line: 'cmd+2       second_window'
[0.059] Ignoring invalid config line: 'kitty_mod+3 third_window'
[0.059] Ignoring invalid config line: 'cmd+3       third_window'
[0.059] Ignoring invalid config line: 'kitty_mod+4 fourth_window'
[0.059] Ignoring invalid config line: 'cmd+4       fourth_window'
[0.059] Ignoring invalid config line: 'kitty_mod+5 fifth_window'
[0.059] Ignoring invalid config line: 'cmd+5       fifth_window'
[0.059] Ignoring invalid config line: 'kitty_mod+6 sixth_window'
[0.059] Ignoring invalid config line: 'cmd+6       sixth_window'
[0.059] Ignoring invalid config line: 'kitty_mod+7 seventh_window'
[0.059] Ignoring invalid config line: 'cmd+7       seventh_window'
[0.059] Ignoring invalid config line: 'kitty_mod+8 eighth_window'
[0.059] Ignoring invalid config line: 'cmd+8       eighth_window'
[0.059] Ignoring invalid config line: 'kitty_mod+9 ninth_window'
[0.059] Ignoring invalid config line: 'cmd+9       ninth_window'
[0.059] Ignoring invalid config line: 'kitty_mod+0 tenth_window'
[0.059] Ignoring invalid config line: 'kitty_mod+f7 focus_visible_window'
[0.059] Ignoring invalid config line: 'kitty_mod+f8 swap_with_window'
[0.059] Ignoring invalid config line: 'kitty_mod+right next_tab'
[0.059] Ignoring invalid config line: 'shift+cmd+]     next_tab'
[0.059] Ignoring invalid config line: 'ctrl+tab        next_tab'
[0.059] Ignoring invalid config line: 'kitty_mod+left previous_tab'
[0.059] Ignoring invalid config line: 'shift+cmd+[    previous_tab'
[0.059] Ignoring invalid config line: 'ctrl+shift+tab previous_tab'
[0.059] Ignoring invalid config line: 'kitty_mod+t new_tab'
[0.059] Ignoring invalid config line: 'cmd+t       new_tab'
[0.059] Ignoring invalid config line: 'kitty_mod+q close_tab'
[0.059] Ignoring invalid config line: 'cmd+w       close_tab'
[0.059] Ignoring invalid config line: 'shift+cmd+w close_os_window'
[0.059] Ignoring invalid config line: 'kitty_mod+. move_tab_forward'
[0.059] Ignoring invalid config line: 'kitty_mod+, move_tab_backward'
[0.059] Ignoring invalid config line: 'kitty_mod+alt+t set_tab_title'
[0.060] Ignoring invalid config line: 'shift+cmd+i     set_tab_title'
[0.060] Ignoring invalid config line: 'kitty_mod+l next_layout'
[0.060] Ignoring invalid config line: 'kitty_mod+equal  change_font_size all +2.0'
[0.060] Ignoring invalid config line: 'kitty_mod+plus   change_font_size all +2.0'
[0.060] Ignoring invalid config line: 'kitty_mod+kp_add change_font_size all +2.0'
[0.060] Ignoring invalid config line: 'cmd+plus         change_font_size all +2.0'
[0.060] Ignoring invalid config line: 'cmd+equal        change_font_size all +2.0'
[0.060] Ignoring invalid config line: 'shift+cmd+equal  change_font_size all +2.0'
[0.060] Ignoring invalid config line: 'kitty_mod+minus       change_font_size all -2.0'
[0.060] Ignoring invalid config line: 'kitty_mod+kp_subtract change_font_size all -2.0'
[0.060] Ignoring invalid config line: 'cmd+minus             change_font_size all -2.0'
[0.060] Ignoring invalid config line: 'shift+cmd+minus       change_font_size all -2.0'
[0.060] Ignoring invalid config line: 'kitty_mod+backspace change_font_size all 0'
[0.060] Ignoring invalid config line: 'cmd+0               change_font_size all 0'
[0.060] Ignoring invalid config line: 'kitty_mod+e open_url_with_hints'
[0.060] Ignoring invalid config line: 'kitty_mod+p>f kitten hints --type path --program -'
[0.060] Ignoring invalid config line: 'kitty_mod+p>shift+f kitten hints --type path'
[0.060] Ignoring invalid config line: 'kitty_mod+p>l kitten hints --type line --program -'
[0.060] Ignoring invalid config line: 'kitty_mod+p>w kitten hints --type word --program -'
[0.060] Ignoring invalid config line: 'kitty_mod+p>h kitten hints --type hash --program -'
[0.060] Ignoring invalid config line: 'kitty_mod+p>n kitten hints --type linenum'
[0.060] Ignoring invalid config line: 'kitty_mod+p>y kitten hints --type hyperlink'
[0.060] Ignoring invalid config line: 'kitty_mod+f1 show_kitty_doc overview'
[0.060] Ignoring invalid config line: 'kitty_mod+f11 toggle_fullscreen'
[0.060] Ignoring invalid config line: 'ctrl+cmd+f    toggle_fullscreen'
[0.060] Ignoring invalid config line: 'kitty_mod+f10 toggle_maximized'
[0.060] Ignoring invalid config line: 'opt+cmd+s toggle_macos_secure_keyboard_entry'
[0.060] Ignoring invalid config line: 'cmd+` macos_cycle_through_os_windows'
[0.060] Ignoring invalid config line: 'kitty_mod+u    kitten unicode_input'
[0.060] Ignoring invalid config line: 'ctrl+cmd+space kitten unicode_input'
[0.060] Ignoring invalid config line: 'kitty_mod+f2 edit_config_file'
[0.060] Ignoring invalid config line: 'cmd+,        edit_config_file'
[0.060] Ignoring invalid config line: 'kitty_mod+escape kitty_shell window'
[0.060] Ignoring invalid config line: 'kitty_mod+a>m set_background_opacity +0.1'
[0.060] Ignoring invalid config line: 'kitty_mod+a>l set_background_opacity -0.1'
[0.060] Ignoring invalid config line: 'kitty_mod+a>1 set_background_opacity 1'
[0.060] Ignoring invalid config line: 'kitty_mod+a>d set_background_opacity default'
[0.060] Ignoring invalid config line: 'kitty_mod+delete clear_terminal reset active'
[0.060] Ignoring invalid config line: 'opt+cmd+r        clear_terminal reset active'
[0.060] Ignoring invalid config line: 'cmd+k clear_terminal to_cursor active'
[0.060] Ignoring invalid config line: 'option+cmd+k clear_terminal scrollback active'
[0.061] Ignoring invalid config line: 'cmd+l clear_terminal last_command active'
[0.061] Ignoring invalid config line: 'cmd+ctrl+l clear_terminal to_cursor_scroll active'
[0.061] Ignoring invalid config line: 'kitty_mod+f5 load_config_file'
[0.061] Ignoring invalid config line: 'ctrl+cmd+,   load_config_file'
[0.061] Ignoring invalid config line: 'kitty_mod+f6 debug_config'
[0.061] Ignoring invalid config line: 'opt+cmd+,    debug_config'
[0.061] Ignoring invalid config line: 'shift+cmd+/ open_url https://sw.kovidgoyal.net/kitty/'
[0.061] Ignoring invalid config line: 'cmd+h hide_macos_app'
[0.061] Ignoring invalid config line: 'opt+cmd+h hide_macos_other_apps'
[0.061] Ignoring invalid config line: 'cmd+m minimize_macos_window'
[0.061] Ignoring invalid config line: 'cmd+q quit'
[0.061] Ignoring invalid config line: 'foreground'
[0.053] Ignoring invalid config line: 'kitty_mod+c copy_to_clipboard'
[0.053] Ignoring invalid config line: 'cmd+c copy_or_noop'
[0.053] Ignoring invalid config line: 'kitty_mod+v paste_from_clipboard'
[0.053] Ignoring invalid config line: 'cmd+v       paste_from_clipboard'
[0.053] Ignoring invalid config line: 'kitty_mod+s  paste_from_selection'
[0.054] Ignoring invalid config line: 'shift+insert paste_from_selection'
[0.054] Ignoring invalid config line: 'kitty_mod+o pass_selection_to_program'
[0.054] Ignoring invalid config line: 'kitty_mod+up    scroll_line_up'
[0.054] Ignoring invalid config line: 'kitty_mod+k     scroll_line_up'
[0.054] Ignoring invalid config line: 'opt+cmd+page_up scroll_line_up'
[0.054] Ignoring invalid config line: 'cmd+up          scroll_line_up'
[0.054] Ignoring invalid config line: 'kitty_mod+down    scroll_line_down'
[0.054] Ignoring invalid config line: 'kitty_mod+j       scroll_line_down'
[0.054] Ignoring invalid config line: 'opt+cmd+page_down scroll_line_down'
[0.054] Ignoring invalid config line: 'cmd+down          scroll_line_down'
[0.054] Ignoring invalid config line: 'kitty_mod+page_up scroll_page_up'
[0.054] Ignoring invalid config line: 'cmd+page_up       scroll_page_up'
[0.054] Ignoring invalid config line: 'kitty_mod+page_down scroll_page_down'
[0.054] Ignoring invalid config line: 'cmd+page_down       scroll_page_down'
[0.054] Ignoring invalid config line: 'kitty_mod+home scroll_home'
[0.054] Ignoring invalid config line: 'cmd+home       scroll_home'
[0.054] Ignoring invalid config line: 'kitty_mod+end scroll_end'
[0.054] Ignoring invalid config line: 'cmd+end       scroll_end'
[0.054] Ignoring invalid config line: 'kitty_mod+z scroll_to_prompt -1'
[0.054] Ignoring invalid config line: 'kitty_mod+x scroll_to_prompt 1'
[0.054] Ignoring invalid config line: 'kitty_mod+h show_scrollback'
[0.054] Ignoring invalid config line: 'kitty_mod+g show_last_command_output'
[0.054] Ignoring invalid config line: 'kitty_mod+enter new_window'
[0.054] Ignoring invalid config line: 'cmd+enter       new_window'
[0.054] Ignoring invalid config line: 'kitty_mod+n new_os_window'
[0.054] Ignoring invalid config line: 'cmd+n       new_os_window'
[0.054] Ignoring invalid config line: 'kitty_mod+w close_window'
[0.054] Ignoring invalid config line: 'shift+cmd+d close_window'
[0.054] Ignoring invalid config line: 'kitty_mod+] next_window'
[0.054] Ignoring invalid config line: 'kitty_mod+[ previous_window'
[0.054] Ignoring invalid config line: 'kitty_mod+f move_window_forward'
[0.054] Ignoring invalid config line: 'kitty_mod+b move_window_backward'
[0.054] Ignoring invalid config line: 'kitty_mod+` move_window_to_top'
[0.054] Ignoring invalid config line: 'kitty_mod+r start_resizing_window'
[0.054] Ignoring invalid config line: 'cmd+r       start_resizing_window'
[0.054] Ignoring invalid config line: 'kitty_mod+1 first_window'
[0.054] Ignoring invalid config line: 'cmd+1       first_window'
[0.054] Ignoring invalid config line: 'kitty_mod+2 second_window'
[0.054] Ignoring invalid config line: 'cmd+2       second_window'
[0.054] Ignoring invalid config line: 'kitty_mod+3 third_window'
[0.054] Ignoring invalid config line: 'cmd+3       third_window'
[0.054] Ignoring invalid config line: 'kitty_mod+4 fourth_window'
[0.054] Ignoring invalid config line: 'cmd+4       fourth_window'
[0.054] Ignoring invalid config line: 'kitty_mod+5 fifth_window'
[0.054] Ignoring invalid config line: 'cmd+5       fifth_window'
[0.054] Ignoring invalid config line: 'kitty_mod+6 sixth_window'
[0.054] Ignoring invalid config line: 'cmd+6       sixth_window'
[0.054] Ignoring invalid config line: 'kitty_mod+7 seventh_window'
[0.055] Ignoring invalid config line: 'cmd+7       seventh_window'
[0.055] Ignoring invalid config line: 'kitty_mod+8 eighth_window'
[0.055] Ignoring invalid config line: 'cmd+8       eighth_window'
[0.055] Ignoring invalid config line: 'kitty_mod+9 ninth_window'
[0.055] Ignoring invalid config line: 'cmd+9       ninth_window'
[0.055] Ignoring invalid config line: 'kitty_mod+0 tenth_window'
[0.055] Ignoring invalid config line: 'kitty_mod+f7 focus_visible_window'
[0.055] Ignoring invalid config line: 'kitty_mod+f8 swap_with_window'
[0.055] Ignoring invalid config line: 'kitty_mod+right next_tab'
[0.055] Ignoring invalid config line: 'shift+cmd+]     next_tab'
[0.055] Ignoring invalid config line: 'ctrl+tab        next_tab'
[0.055] Ignoring invalid config line: 'kitty_mod+left previous_tab'
[0.055] Ignoring invalid config line: 'shift+cmd+[    previous_tab'
[0.055] Ignoring invalid config line: 'ctrl+shift+tab previous_tab'
[0.055] Ignoring invalid config line: 'kitty_mod+t new_tab'
[0.055] Ignoring invalid config line: 'cmd+t       new_tab'
[0.055] Ignoring invalid config line: 'kitty_mod+q close_tab'
[0.055] Ignoring invalid config line: 'cmd+w       close_tab'
[0.055] Ignoring invalid config line: 'shift+cmd+w close_os_window'
[0.055] Ignoring invalid config line: 'kitty_mod+. move_tab_forward'
[0.055] Ignoring invalid config line: 'kitty_mod+, move_tab_backward'
[0.055] Ignoring invalid config line: 'kitty_mod+alt+t set_tab_title'
[0.055] Ignoring invalid config line: 'shift+cmd+i     set_tab_title'
[0.055] Ignoring invalid config line: 'kitty_mod+l next_layout'
[0.055] Ignoring invalid config line: 'kitty_mod+equal  change_font_size all +2.0'
[0.055] Ignoring invalid config line: 'kitty_mod+plus   change_font_size all +2.0'
[0.055] Ignoring invalid config line: 'kitty_mod+kp_add change_font_size all +2.0'
[0.055] Ignoring invalid config line: 'cmd+plus         change_font_size all +2.0'
[0.055] Ignoring invalid config line: 'cmd+equal        change_font_size all +2.0'
[0.055] Ignoring invalid config line: 'shift+cmd+equal  change_font_size all +2.0'
[0.055] Ignoring invalid config line: 'kitty_mod+minus       change_font_size all -2.0'
[0.055] Ignoring invalid config line: 'kitty_mod+kp_subtract change_font_size all -2.0'
[0.055] Ignoring invalid config line: 'cmd+minus             change_font_size all -2.0'
[0.055] Ignoring invalid config line: 'shift+cmd+minus       change_font_size all -2.0'
[0.055] Ignoring invalid config line: 'kitty_mod+backspace change_font_size all 0'
[0.055] Ignoring invalid config line: 'cmd+0               change_font_size all 0'
[0.055] Ignoring invalid config line: 'kitty_mod+e open_url_with_hints'
[0.055] Ignoring invalid config line: 'kitty_mod+p>f kitten hints --type path --program -'
[0.055] Ignoring invalid config line: 'kitty_mod+p>shift+f kitten hints --type path'
[0.055] Ignoring invalid config line: 'kitty_mod+p>l kitten hints --type line --program -'
[0.055] Ignoring invalid config line: 'kitty_mod+p>w kitten hints --type word --program -'
[0.055] Ignoring invalid config line: 'kitty_mod+p>h kitten hints --type hash --program -'
[0.055] Ignoring invalid config line: 'kitty_mod+p>n kitten hints --type linenum'
[0.055] Ignoring invalid config line: 'kitty_mod+p>y kitten hints --type hyperlink'
[0.055] Ignoring invalid config line: 'kitty_mod+f1 show_kitty_doc overview'
[0.055] Ignoring invalid config line: 'kitty_mod+f11 toggle_fullscreen'
[0.055] Ignoring invalid config line: 'ctrl+cmd+f    toggle_fullscreen'
[0.055] Ignoring invalid config line: 'kitty_mod+f10 toggle_maximized'
[0.056] Ignoring invalid config line: 'opt+cmd+s toggle_macos_secure_keyboard_entry'
[0.056] Ignoring invalid config line: 'cmd+` macos_cycle_through_os_windows'
[0.056] Ignoring invalid config line: 'kitty_mod+u    kitten unicode_input'
[0.056] Ignoring invalid config line: 'ctrl+cmd+space kitten unicode_input'
[0.056] Ignoring invalid config line: 'kitty_mod+f2 edit_config_file'
[0.056] Ignoring invalid config line: 'cmd+,        edit_config_file'
[0.056] Ignoring invalid config line: 'kitty_mod+escape kitty_shell window'
[0.056] Ignoring invalid config line: 'kitty_mod+a>m set_background_opacity +0.1'
[0.056] Ignoring invalid config line: 'kitty_mod+a>l set_background_opacity -0.1'
[0.056] Ignoring invalid config line: 'kitty_mod+a>1 set_background_opacity 1'
[0.056] Ignoring invalid config line: 'kitty_mod+a>d set_background_opacity default'
[0.056] Ignoring invalid config line: 'kitty_mod+delete clear_terminal reset active'
[0.056] Ignoring invalid config line: 'opt+cmd+r        clear_terminal reset active'
[0.056] Ignoring invalid config line: 'cmd+k clear_terminal to_cursor active'
[0.056] Ignoring invalid config line: 'option+cmd+k clear_terminal scrollback active'
[0.056] Ignoring invalid config line: 'cmd+l clear_terminal last_command active'
[0.056] Ignoring invalid config line: 'cmd+ctrl+l clear_terminal to_cursor_scroll active'
[0.056] Ignoring invalid config line: 'kitty_mod+f5 load_config_file'
[0.056] Ignoring invalid config line: 'ctrl+cmd+,   load_config_file'
[0.056] Ignoring invalid config line: 'kitty_mod+f6 debug_config'
[0.056] Ignoring invalid config line: 'opt+cmd+,    debug_config'
[0.056] Ignoring invalid config line: 'shift+cmd+/ open_url https://sw.kovidgoyal.net/kitty/'
[0.056] Ignoring invalid config line: 'cmd+h hide_macos_app'
[0.056] Ignoring invalid config line: 'opt+cmd+h hide_macos_other_apps'
[0.056] Ignoring invalid config line: 'cmd+m minimize_macos_window'
[0.056] Ignoring invalid config line: 'cmd+q quit'
[0.056] Ignoring invalid config line: 'foreground'
[0.052] Ignoring invalid config line: 'kitty_mod+c copy_to_clipboard'
[0.052] Ignoring invalid config line: 'cmd+c copy_or_noop'
[0.052] Ignoring invalid config line: 'kitty_mod+v paste_from_clipboard'
[0.052] Ignoring invalid config line: 'cmd+v       paste_from_clipboard'
[0.052] Ignoring invalid config line: 'kitty_mod+s  paste_from_selection'
[0.052] Ignoring invalid config line: 'shift+insert paste_from_selection'
[0.052] Ignoring invalid config line: 'kitty_mod+o pass_selection_to_program'
[0.052] Ignoring invalid config line: 'kitty_mod+up    scroll_line_up'
[0.052] Ignoring invalid config line: 'kitty_mod+k     scroll_line_up'
[0.052] Ignoring invalid config line: 'opt+cmd+page_up scroll_line_up'
[0.052] Ignoring invalid config line: 'cmd+up          scroll_line_up'
[0.053] Ignoring invalid config line: 'kitty_mod+down    scroll_line_down'
[0.053] Ignoring invalid config line: 'kitty_mod+j       scroll_line_down'
[0.053] Ignoring invalid config line: 'opt+cmd+page_down scroll_line_down'
[0.053] Ignoring invalid config line: 'cmd+down          scroll_line_down'
[0.053] Ignoring invalid config line: 'kitty_mod+page_up scroll_page_up'
[0.053] Ignoring invalid config line: 'cmd+page_up       scroll_page_up'
[0.053] Ignoring invalid config line: 'kitty_mod+page_down scroll_page_down'
[0.053] Ignoring invalid config line: 'cmd+page_down       scroll_page_down'
[0.053] Ignoring invalid config line: 'kitty_mod+home scroll_home'
[0.053] Ignoring invalid config line: 'cmd+home       scroll_home'
[0.053] Ignoring invalid config line: 'kitty_mod+end scroll_end'
[0.053] Ignoring invalid config line: 'cmd+end       scroll_end'
[0.053] Ignoring invalid config line: 'kitty_mod+z scroll_to_prompt -1'
[0.053] Ignoring invalid config line: 'kitty_mod+x scroll_to_prompt 1'
[0.053] Ignoring invalid config line: 'kitty_mod+h show_scrollback'
[0.053] Ignoring invalid config line: 'kitty_mod+g show_last_command_output'
[0.053] Ignoring invalid config line: 'kitty_mod+enter new_window'
[0.053] Ignoring invalid config line: 'cmd+enter       new_window'
[0.053] Ignoring invalid config line: 'kitty_mod+n new_os_window'
[0.053] Ignoring invalid config line: 'cmd+n       new_os_window'
[0.053] Ignoring invalid config line: 'kitty_mod+w close_window'
[0.053] Ignoring invalid config line: 'shift+cmd+d close_window'
[0.053] Ignoring invalid config line: 'kitty_mod+] next_window'
[0.053] Ignoring invalid config line: 'kitty_mod+[ previous_window'
[0.053] Ignoring invalid config line: 'kitty_mod+f move_window_forward'
[0.053] Ignoring invalid config line: 'kitty_mod+b move_window_backward'
[0.053] Ignoring invalid config line: 'kitty_mod+` move_window_to_top'
[0.053] Ignoring invalid config line: 'kitty_mod+r start_resizing_window'
[0.053] Ignoring invalid config line: 'cmd+r       start_resizing_window'
[0.053] Ignoring invalid config line: 'kitty_mod+1 first_window'
[0.053] Ignoring invalid config line: 'cmd+1       first_window'
[0.053] Ignoring invalid config line: 'kitty_mod+2 second_window'
[0.053] Ignoring invalid config line: 'cmd+2       second_window'
[0.053] Ignoring invalid config line: 'kitty_mod+3 third_window'
[0.053] Ignoring invalid config line: 'cmd+3       third_window'
[0.053] Ignoring invalid config line: 'kitty_mod+4 fourth_window'
[0.053] Ignoring invalid config line: 'cmd+4       fourth_window'
[0.053] Ignoring invalid config line: 'kitty_mod+5 fifth_window'
[0.053] Ignoring invalid config line: 'cmd+5       fifth_window'
[0.053] Ignoring invalid config line: 'kitty_mod+6 sixth_window'
[0.053] Ignoring invalid config line: 'cmd+6       sixth_window'
[0.053] Ignoring invalid config line: 'kitty_mod+7 seventh_window'
[0.053] Ignoring invalid config line: 'cmd+7       seventh_window'
[0.053] Ignoring invalid config line: 'kitty_mod+8 eighth_window'
[0.053] Ignoring invalid config line: 'cmd+8       eighth_window'
[0.053] Ignoring invalid config line: 'kitty_mod+9 ninth_window'
[0.053] Ignoring invalid config line: 'cmd+9       ninth_window'
[0.053] Ignoring invalid config line: 'kitty_mod+0 tenth_window'
[0.053] Ignoring invalid config line: 'kitty_mod+f7 focus_visible_window'
[0.053] Ignoring invalid config line: 'kitty_mod+f8 swap_with_window'
[0.054] Ignoring invalid config line: 'kitty_mod+right next_tab'
[0.054] Ignoring invalid config line: 'shift+cmd+]     next_tab'
[0.054] Ignoring invalid config line: 'ctrl+tab        next_tab'
[0.054] Ignoring invalid config line: 'kitty_mod+left previous_tab'
[0.054] Ignoring invalid config line: 'shift+cmd+[    previous_tab'
[0.054] Ignoring invalid config line: 'ctrl+shift+tab previous_tab'
[0.054] Ignoring invalid config line: 'kitty_mod+t new_tab'
[0.054] Ignoring invalid config line: 'cmd+t       new_tab'
[0.054] Ignoring invalid config line: 'kitty_mod+q close_tab'
[0.054] Ignoring invalid config line: 'cmd+w       close_tab'
[0.054] Ignoring invalid config line: 'shift+cmd+w close_os_window'
[0.054] Ignoring invalid config line: 'kitty_mod+. move_tab_forward'
[0.054] Ignoring invalid config line: 'kitty_mod+, move_tab_backward'
[0.054] Ignoring invalid config line: 'kitty_mod+alt+t set_tab_title'
[0.054] Ignoring invalid config line: 'shift+cmd+i     set_tab_title'
[0.054] Ignoring invalid config line: 'kitty_mod+l next_layout'
[0.054] Ignoring invalid config line: 'kitty_mod+equal  change_font_size all +2.0'
[0.054] Ignoring invalid config line: 'kitty_mod+plus   change_font_size all +2.0'
[0.054] Ignoring invalid config line: 'kitty_mod+kp_add change_font_size all +2.0'
[0.054] Ignoring invalid config line: 'cmd+plus         change_font_size all +2.0'
[0.054] Ignoring invalid config line: 'cmd+equal        change_font_size all +2.0'
[0.054] Ignoring invalid config line: 'shift+cmd+equal  change_font_size all +2.0'
[0.054] Ignoring invalid config line: 'kitty_mod+minus       change_font_size all -2.0'
[0.054] Ignoring invalid config line: 'kitty_mod+kp_subtract change_font_size all -2.0'
[0.054] Ignoring invalid config line: 'cmd+minus             change_font_size all -2.0'
[0.054] Ignoring invalid config line: 'shift+cmd+minus       change_font_size all -2.0'
[0.054] Ignoring invalid config line: 'kitty_mod+backspace change_font_size all 0'
[0.054] Ignoring invalid config line: 'cmd+0               change_font_size all 0'
[0.054] Ignoring invalid config line: 'kitty_mod+e open_url_with_hints'
[0.054] Ignoring invalid config line: 'kitty_mod+p>f kitten hints --type path --program -'
[0.054] Ignoring invalid config line: 'kitty_mod+p>shift+f kitten hints --type path'
[0.054] Ignoring invalid config line: 'kitty_mod+p>l kitten hints --type line --program -'
[0.054] Ignoring invalid config line: 'kitty_mod+p>w kitten hints --type word --program -'
[0.054] Ignoring invalid config line: 'kitty_mod+p>h kitten hints --type hash --program -'
[0.054] Ignoring invalid config line: 'kitty_mod+p>n kitten hints --type linenum'
[0.054] Ignoring invalid config line: 'kitty_mod+p>y kitten hints --type hyperlink'
[0.054] Ignoring invalid config line: 'kitty_mod+f1 show_kitty_doc overview'
[0.054] Ignoring invalid config line: 'kitty_mod+f11 toggle_fullscreen'
[0.054] Ignoring invalid config line: 'ctrl+cmd+f    toggle_fullscreen'
[0.054] Ignoring invalid config line: 'kitty_mod+f10 toggle_maximized'
[0.054] Ignoring invalid config line: 'opt+cmd+s toggle_macos_secure_keyboard_entry'
[0.054] Ignoring invalid config line: 'cmd+` macos_cycle_through_os_windows'
[0.054] Ignoring invalid config line: 'kitty_mod+u    kitten unicode_input'
[0.054] Ignoring invalid config line: 'ctrl+cmd+space kitten unicode_input'
[0.054] Ignoring invalid config line: 'kitty_mod+f2 edit_config_file'
[0.054] Ignoring invalid config line: 'cmd+,        edit_config_file'
[0.054] Ignoring invalid config line: 'kitty_mod+escape kitty_shell window'
[0.054] Ignoring invalid config line: 'kitty_mod+a>m set_background_opacity +0.1'
[0.054] Ignoring invalid config line: 'kitty_mod+a>l set_background_opacity -0.1'
[0.054] Ignoring invalid config line: 'kitty_mod+a>1 set_background_opacity 1'
[0.055] Ignoring invalid config line: 'kitty_mod+a>d set_background_opacity default'
[0.055] Ignoring invalid config line: 'kitty_mod+delete clear_terminal reset active'
[0.055] Ignoring invalid config line: 'opt+cmd+r        clear_terminal reset active'
[0.055] Ignoring invalid config line: 'cmd+k clear_terminal to_cursor active'
[0.055] Ignoring invalid config line: 'option+cmd+k clear_terminal scrollback active'
[0.055] Ignoring invalid config line: 'cmd+l clear_terminal last_command active'
[0.055] Ignoring invalid config line: 'cmd+ctrl+l clear_terminal to_cursor_scroll active'
[0.055] Ignoring invalid config line: 'kitty_mod+f5 load_config_file'
[0.055] Ignoring invalid config line: 'ctrl+cmd+,   load_config_file'
[0.055] Ignoring invalid config line: 'kitty_mod+f6 debug_config'
[0.055] Ignoring invalid config line: 'opt+cmd+,    debug_config'
[0.055] Ignoring invalid config line: 'shift+cmd+/ open_url https://sw.kovidgoyal.net/kitty/'
[0.055] Ignoring invalid config line: 'cmd+h hide_macos_app'
[0.055] Ignoring invalid config line: 'opt+cmd+h hide_macos_other_apps'
[0.055] Ignoring invalid config line: 'cmd+m minimize_macos_window'
[0.055] Ignoring invalid config line: 'cmd+q quit'
[0.055] Ignoring invalid config line: 'foreground'
[0.056] Ignoring invalid config line: 'kitty_mod+c copy_to_clipboard'
[0.056] Ignoring invalid config line: 'cmd+c copy_or_noop'
[0.056] Ignoring invalid config line: 'kitty_mod+v paste_from_clipboard'
[0.056] Ignoring invalid config line: 'cmd+v       paste_from_clipboard'
[0.056] Ignoring invalid config line: 'kitty_mod+s  paste_from_selection'
[0.056] Ignoring invalid config line: 'shift+insert paste_from_selection'
[0.056] Ignoring invalid config line: 'kitty_mod+o pass_selection_to_program'
[0.056] Ignoring invalid config line: 'kitty_mod+up    scroll_line_up'
[0.056] Ignoring invalid config line: 'kitty_mod+k     scroll_line_up'
[0.056] Ignoring invalid config line: 'opt+cmd+page_up scroll_line_up'
[0.056] Ignoring invalid config line: 'cmd+up          scroll_line_up'
[0.056] Ignoring invalid config line: 'kitty_mod+down    scroll_line_down'
[0.056] Ignoring invalid config line: 'kitty_mod+j       scroll_line_down'
[0.056] Ignoring invalid config line: 'opt+cmd+page_down scroll_line_down'
[0.056] Ignoring invalid config line: 'cmd+down          scroll_line_down'
[0.056] Ignoring invalid config line: 'kitty_mod+page_up scroll_page_up'
[0.056] Ignoring invalid config line: 'cmd+page_up       scroll_page_up'
[0.056] Ignoring invalid config line: 'kitty_mod+page_down scroll_page_down'
[0.056] Ignoring invalid config line: 'cmd+page_down       scroll_page_down'
[0.056] Ignoring invalid config line: 'kitty_mod+home scroll_home'
[0.056] Ignoring invalid config line: 'cmd+home       scroll_home'
[0.056] Ignoring invalid config line: 'kitty_mod+end scroll_end'
[0.056] Ignoring invalid config line: 'cmd+end       scroll_end'
[0.056] Ignoring invalid config line: 'kitty_mod+z scroll_to_prompt -1'
[0.056] Ignoring invalid config line: 'kitty_mod+x scroll_to_prompt 1'
[0.056] Ignoring invalid config line: 'kitty_mod+h show_scrollback'
[0.056] Ignoring invalid config line: 'kitty_mod+g show_last_command_output'
[0.056] Ignoring invalid config line: 'kitty_mod+enter new_window'
[0.056] Ignoring invalid config line: 'cmd+enter       new_window'
[0.056] Ignoring invalid config line: 'kitty_mod+n new_os_window'
[0.056] Ignoring invalid config line: 'cmd+n       new_os_window'
[0.056] Ignoring invalid config line: 'kitty_mod+w close_window'
[0.056] Ignoring invalid config line: 'shift+cmd+d close_window'
[0.057] Ignoring invalid config line: 'kitty_mod+] next_window'
[0.057] Ignoring invalid config line: 'kitty_mod+[ previous_window'
[0.057] Ignoring invalid config line: 'kitty_mod+f move_window_forward'
[0.057] Ignoring invalid config line: 'kitty_mod+b move_window_backward'
[0.057] Ignoring invalid config line: 'kitty_mod+` move_window_to_top'
[0.057] Ignoring invalid config line: 'kitty_mod+r start_resizing_window'
[0.057] Ignoring invalid config line: 'cmd+r       start_resizing_window'
[0.057] Ignoring invalid config line: 'kitty_mod+1 first_window'
[0.057] Ignoring invalid config line: 'cmd+1       first_window'
[0.057] Ignoring invalid config line: 'kitty_mod+2 second_window'
[0.057] Ignoring invalid config line: 'cmd+2       second_window'
[0.057] Ignoring invalid config line: 'kitty_mod+3 third_window'
[0.057] Ignoring invalid config line: 'cmd+3       third_window'
[0.057] Ignoring invalid config line: 'kitty_mod+4 fourth_window'
[0.057] Ignoring invalid config line: 'cmd+4       fourth_window'
[0.057] Ignoring invalid config line: 'kitty_mod+5 fifth_window'
[0.057] Ignoring invalid config line: 'cmd+5       fifth_window'
[0.057] Ignoring invalid config line: 'kitty_mod+6 sixth_window'
[0.057] Ignoring invalid config line: 'cmd+6       sixth_window'
[0.057] Ignoring invalid config line: 'kitty_mod+7 seventh_window'
[0.057] Ignoring invalid config line: 'cmd+7       seventh_window'
[0.057] Ignoring invalid config line: 'kitty_mod+8 eighth_window'
[0.057] Ignoring invalid config line: 'cmd+8       eighth_window'
[0.057] Ignoring invalid config line: 'kitty_mod+9 ninth_window'
[0.057] Ignoring invalid config line: 'cmd+9       ninth_window'
[0.057] Ignoring invalid config line: 'kitty_mod+0 tenth_window'
[0.057] Ignoring invalid config line: 'kitty_mod+f7 focus_visible_window'
[0.057] Ignoring invalid config line: 'kitty_mod+f8 swap_with_window'
[0.057] Ignoring invalid config line: 'kitty_mod+right next_tab'
[0.057] Ignoring invalid config line: 'shift+cmd+]     next_tab'
[0.057] Ignoring invalid config line: 'ctrl+tab        next_tab'
[0.057] Ignoring invalid config line: 'kitty_mod+left previous_tab'
[0.057] Ignoring invalid config line: 'shift+cmd+[    previous_tab'
[0.057] Ignoring invalid config line: 'ctrl+shift+tab previous_tab'
[0.057] Ignoring invalid config line: 'kitty_mod+t new_tab'
[0.057] Ignoring invalid config line: 'cmd+t       new_tab'
[0.057] Ignoring invalid config line: 'kitty_mod+q close_tab'
[0.057] Ignoring invalid config line: 'cmd+w       close_tab'
[0.057] Ignoring invalid config line: 'shift+cmd+w close_os_window'
[0.057] Ignoring invalid config line: 'kitty_mod+. move_tab_forward'
[0.057] Ignoring invalid config line: 'kitty_mod+, move_tab_backward'
[0.057] Ignoring invalid config line: 'kitty_mod+alt+t set_tab_title'
[0.057] Ignoring invalid config line: 'shift+cmd+i     set_tab_title'
[0.057] Ignoring invalid config line: 'kitty_mod+l next_layout'
[0.057] Ignoring invalid config line: 'kitty_mod+equal  change_font_size all +2.0'
[0.057] Ignoring invalid config line: 'kitty_mod+plus   change_font_size all +2.0'
[0.057] Ignoring invalid config line: 'kitty_mod+kp_add change_font_size all +2.0'
[0.057] Ignoring invalid config line: 'cmd+plus         change_font_size all +2.0'
[0.058] Ignoring invalid config line: 'cmd+equal        change_font_size all +2.0'
[0.058] Ignoring invalid config line: 'shift+cmd+equal  change_font_size all +2.0'
[0.058] Ignoring invalid config line: 'kitty_mod+minus       change_font_size all -2.0'
[0.058] Ignoring invalid config line: 'kitty_mod+kp_subtract change_font_size all -2.0'
[0.058] Ignoring invalid config line: 'cmd+minus             change_font_size all -2.0'
[0.058] Ignoring invalid config line: 'shift+cmd+minus       change_font_size all -2.0'
[0.058] Ignoring invalid config line: 'kitty_mod+backspace change_font_size all 0'
[0.058] Ignoring invalid config line: 'cmd+0               change_font_size all 0'
[0.058] Ignoring invalid config line: 'kitty_mod+e open_url_with_hints'
[0.058] Ignoring invalid config line: 'kitty_mod+p>f kitten hints --type path --program -'
[0.058] Ignoring invalid config line: 'kitty_mod+p>shift+f kitten hints --type path'
[0.058] Ignoring invalid config line: 'kitty_mod+p>l kitten hints --type line --program -'
[0.058] Ignoring invalid config line: 'kitty_mod+p>w kitten hints --type word --program -'
[0.058] Ignoring invalid config line: 'kitty_mod+p>h kitten hints --type hash --program -'
[0.058] Ignoring invalid config line: 'kitty_mod+p>n kitten hints --type linenum'
[0.058] Ignoring invalid config line: 'kitty_mod+p>y kitten hints --type hyperlink'
[0.058] Ignoring invalid config line: 'kitty_mod+f1 show_kitty_doc overview'
[0.058] Ignoring invalid config line: 'kitty_mod+f11 toggle_fullscreen'
[0.058] Ignoring invalid config line: 'ctrl+cmd+f    toggle_fullscreen'
[0.058] Ignoring invalid config line: 'kitty_mod+f10 toggle_maximized'
[0.058] Ignoring invalid config line: 'opt+cmd+s toggle_macos_secure_keyboard_entry'
[0.058] Ignoring invalid config line: 'cmd+` macos_cycle_through_os_windows'
[0.058] Ignoring invalid config line: 'kitty_mod+u    kitten unicode_input'
[0.058] Ignoring invalid config line: 'ctrl+cmd+space kitten unicode_input'
[0.058] Ignoring invalid config line: 'kitty_mod+f2 edit_config_file'
[0.058] Ignoring invalid config line: 'cmd+,        edit_config_file'
[0.058] Ignoring invalid config line: 'kitty_mod+escape kitty_shell window'
[0.058] Ignoring invalid config line: 'kitty_mod+a>m set_background_opacity +0.1'
[0.058] Ignoring invalid config line: 'kitty_mod+a>l set_background_opacity -0.1'
[0.058] Ignoring invalid config line: 'kitty_mod+a>1 set_background_opacity 1'
[0.058] Ignoring invalid config line: 'kitty_mod+a>d set_background_opacity default'
[0.058] Ignoring invalid config line: 'kitty_mod+delete clear_terminal reset active'
[0.058] Ignoring invalid config line: 'opt+cmd+r        clear_terminal reset active'
[0.058] Ignoring invalid config line: 'cmd+k clear_terminal to_cursor active'
[0.058] Ignoring invalid config line: 'option+cmd+k clear_terminal scrollback active'
[0.058] Ignoring invalid config line: 'cmd+l clear_terminal last_command active'
[0.058] Ignoring invalid config line: 'cmd+ctrl+l clear_terminal to_cursor_scroll active'
[0.058] Ignoring invalid config line: 'kitty_mod+f5 load_config_file'
[0.058] Ignoring invalid config line: 'ctrl+cmd+,   load_config_file'
[0.058] Ignoring invalid config line: 'kitty_mod+f6 debug_config'
[0.058] Ignoring invalid config line: 'opt+cmd+,    debug_config'
[0.059] Ignoring invalid config line: 'shift+cmd+/ open_url https://sw.kovidgoyal.net/kitty/'
[0.059] Ignoring invalid config line: 'cmd+h hide_macos_app'
[0.059] Ignoring invalid config line: 'opt+cmd+h hide_macos_other_apps'
[0.059] Ignoring invalid config line: 'cmd+m minimize_macos_window'
[0.059] Ignoring invalid config line: 'cmd+q quit'
[0.059] Ignoring invalid config line: 'foreground'
[0.055] Ignoring invalid config line: 'kitty_mod+c copy_to_clipboard'
[0.055] Ignoring invalid config line: 'cmd+c copy_or_noop'
[0.055] Ignoring invalid config line: 'kitty_mod+v paste_from_clipboard'
[0.055] Ignoring invalid config line: 'cmd+v       paste_from_clipboard'
[0.055] Ignoring invalid config line: 'kitty_mod+s  paste_from_selection'
[0.055] Ignoring invalid config line: 'shift+insert paste_from_selection'
[0.055] Ignoring invalid config line: 'kitty_mod+o pass_selection_to_program'
[0.055] Ignoring invalid config line: 'kitty_mod+up    scroll_line_up'
[0.055] Ignoring invalid config line: 'kitty_mod+k     scroll_line_up'
[0.055] Ignoring invalid config line: 'opt+cmd+page_up scroll_line_up'
[0.055] Ignoring invalid config line: 'cmd+up          scroll_line_up'
[0.055] Ignoring invalid config line: 'kitty_mod+down    scroll_line_down'
[0.055] Ignoring invalid config line: 'kitty_mod+j       scroll_line_down'
[0.055] Ignoring invalid config line: 'opt+cmd+page_down scroll_line_down'
[0.055] Ignoring invalid config line: 'cmd+down          scroll_line_down'
[0.055] Ignoring invalid config line: 'kitty_mod+page_up scroll_page_up'
[0.055] Ignoring invalid config line: 'cmd+page_up       scroll_page_up'
[0.055] Ignoring invalid config line: 'kitty_mod+page_down scroll_page_down'
[0.055] Ignoring invalid config line: 'cmd+page_down       scroll_page_down'
[0.055] Ignoring invalid config line: 'kitty_mod+home scroll_home'
[0.055] Ignoring invalid config line: 'cmd+home       scroll_home'
[0.055] Ignoring invalid config line: 'kitty_mod+end scroll_end'
[0.055] Ignoring invalid config line: 'cmd+end       scroll_end'
[0.055] Ignoring invalid config line: 'kitty_mod+z scroll_to_prompt -1'
[0.055] Ignoring invalid config line: 'kitty_mod+x scroll_to_prompt 1'
[0.055] Ignoring invalid config line: 'kitty_mod+h show_scrollback'
[0.055] Ignoring invalid config line: 'kitty_mod+g show_last_command_output'
[0.056] Ignoring invalid config line: 'kitty_mod+enter new_window'
[0.056] Ignoring invalid config line: 'cmd+enter       new_window'
[0.056] Ignoring invalid config line: 'kitty_mod+n new_os_window'
[0.056] Ignoring invalid config line: 'cmd+n       new_os_window'
[0.056] Ignoring invalid config line: 'kitty_mod+w close_window'
[0.056] Ignoring invalid config line: 'shift+cmd+d close_window'
[0.056] Ignoring invalid config line: 'kitty_mod+] next_window'
[0.056] Ignoring invalid config line: 'kitty_mod+[ previous_window'
[0.056] Ignoring invalid config line: 'kitty_mod+f move_window_forward'
[0.056] Ignoring invalid config line: 'kitty_mod+b move_window_backward'
[0.056] Ignoring invalid config line: 'kitty_mod+` move_window_to_top'
[0.056] Ignoring invalid config line: 'kitty_mod+r start_resizing_window'
[0.056] Ignoring invalid config line: 'cmd+r       start_resizing_window'
[0.056] Ignoring invalid config line: 'kitty_mod+1 first_window'
[0.056] Ignoring invalid config line: 'cmd+1       first_window'
[0.056] Ignoring invalid config line: 'kitty_mod+2 second_window'
[0.056] Ignoring invalid config line: 'cmd+2       second_window'
[0.056] Ignoring invalid config line: 'kitty_mod+3 third_window'
[0.056] Ignoring invalid config line: 'cmd+3       third_window'
[0.056] Ignoring invalid config line: 'kitty_mod+4 fourth_window'
[0.056] Ignoring invalid config line: 'cmd+4       fourth_window'
[0.056] Ignoring invalid config line: 'kitty_mod+5 fifth_window'
[0.056] Ignoring invalid config line: 'cmd+5       fifth_window'
[0.056] Ignoring invalid config line: 'kitty_mod+6 sixth_window'
[0.056] Ignoring invalid config line: 'cmd+6       sixth_window'
[0.056] Ignoring invalid config line: 'kitty_mod+7 seventh_window'
[0.056] Ignoring invalid config line: 'cmd+7       seventh_window'
[0.056] Ignoring invalid config line: 'kitty_mod+8 eighth_window'
[0.056] Ignoring invalid config line: 'cmd+8       eighth_window'
[0.056] Ignoring invalid config line: 'kitty_mod+9 ninth_window'
[0.056] Ignoring invalid config line: 'cmd+9       ninth_window'
[0.056] Ignoring invalid config line: 'kitty_mod+0 tenth_window'
[0.056] Ignoring invalid config line: 'kitty_mod+f7 focus_visible_window'
[0.056] Ignoring invalid config line: 'kitty_mod+f8 swap_with_window'
[0.056] Ignoring invalid config line: 'kitty_mod+right next_tab'
[0.056] Ignoring invalid config line: 'shift+cmd+]     next_tab'
[0.056] Ignoring invalid config line: 'ctrl+tab        next_tab'
[0.056] Ignoring invalid config line: 'kitty_mod+left previous_tab'
[0.056] Ignoring invalid config line: 'shift+cmd+[    previous_tab'
[0.056] Ignoring invalid config line: 'ctrl+shift+tab previous_tab'
[0.056] Ignoring invalid config line: 'kitty_mod+t new_tab'
[0.056] Ignoring invalid config line: 'cmd+t       new_tab'
[0.056] Ignoring invalid config line: 'kitty_mod+q close_tab'
[0.056] Ignoring invalid config line: 'cmd+w       close_tab'
[0.056] Ignoring invalid config line: 'shift+cmd+w close_os_window'
[0.056] Ignoring invalid config line: 'kitty_mod+. move_tab_forward'
[0.056] Ignoring invalid config line: 'kitty_mod+, move_tab_backward'
[0.056] Ignoring invalid config line: 'kitty_mod+alt+t set_tab_title'
[0.056] Ignoring invalid config line: 'shift+cmd+i     set_tab_title'
[0.056] Ignoring invalid config line: 'kitty_mod+l next_layout'
[0.056] Ignoring invalid config line: 'kitty_mod+equal  change_font_size all +2.0'
[0.057] Ignoring invalid config line: 'kitty_mod+plus   change_font_size all +2.0'
[0.057] Ignoring invalid config line: 'kitty_mod+kp_add change_font_size all +2.0'
[0.057] Ignoring invalid config line: 'cmd+plus         change_font_size all +2.0'
[0.057] Ignoring invalid config line: 'cmd+equal        change_font_size all +2.0'
[0.057] Ignoring invalid config line: 'shift+cmd+equal  change_font_size all +2.0'
[0.057] Ignoring invalid config line: 'kitty_mod+minus       change_font_size all -2.0'
[0.057] Ignoring invalid config line: 'kitty_mod+kp_subtract change_font_size all -2.0'
[0.057] Ignoring invalid config line: 'cmd+minus             change_font_size all -2.0'
[0.057] Ignoring invalid config line: 'shift+cmd+minus       change_font_size all -2.0'
[0.057] Ignoring invalid config line: 'kitty_mod+backspace change_font_size all 0'
[0.057] Ignoring invalid config line: 'cmd+0               change_font_size all 0'
[0.057] Ignoring invalid config line: 'kitty_mod+e open_url_with_hints'
[0.057] Ignoring invalid config line: 'kitty_mod+p>f kitten hints --type path --program -'
[0.057] Ignoring invalid config line: 'kitty_mod+p>shift+f kitten hints --type path'
[0.057] Ignoring invalid config line: 'kitty_mod+p>l kitten hints --type line --program -'
[0.057] Ignoring invalid config line: 'kitty_mod+p>w kitten hints --type word --program -'
[0.057] Ignoring invalid config line: 'kitty_mod+p>h kitten hints --type hash --program -'
[0.057] Ignoring invalid config line: 'kitty_mod+p>n kitten hints --type linenum'
[0.057] Ignoring invalid config line: 'kitty_mod+p>y kitten hints --type hyperlink'
[0.057] Ignoring invalid config line: 'kitty_mod+f1 show_kitty_doc overview'
[0.057] Ignoring invalid config line: 'kitty_mod+f11 toggle_fullscreen'
[0.057] Ignoring invalid config line: 'ctrl+cmd+f    toggle_fullscreen'
[0.057] Ignoring invalid config line: 'kitty_mod+f10 toggle_maximized'
[0.057] Ignoring invalid config line: 'opt+cmd+s toggle_macos_secure_keyboard_entry'
[0.057] Ignoring invalid config line: 'cmd+` macos_cycle_through_os_windows'
[0.057] Ignoring invalid config line: 'kitty_mod+u    kitten unicode_input'
[0.057] Ignoring invalid config line: 'ctrl+cmd+space kitten unicode_input'
[0.057] Ignoring invalid config line: 'kitty_mod+f2 edit_config_file'
[0.057] Ignoring invalid config line: 'cmd+,        edit_config_file'
[0.057] Ignoring invalid config line: 'kitty_mod+escape kitty_shell window'
[0.057] Ignoring invalid config line: 'kitty_mod+a>m set_background_opacity +0.1'
[0.057] Ignoring invalid config line: 'kitty_mod+a>l set_background_opacity -0.1'
[0.057] Ignoring invalid config line: 'kitty_mod+a>1 set_background_opacity 1'
[0.057] Ignoring invalid config line: 'kitty_mod+a>d set_background_opacity default'
[0.057] Ignoring invalid config line: 'kitty_mod+delete clear_terminal reset active'
[0.057] Ignoring invalid config line: 'opt+cmd+r        clear_terminal reset active'
[0.057] Ignoring invalid config line: 'cmd+k clear_terminal to_cursor active'
[0.057] Ignoring invalid config line: 'option+cmd+k clear_terminal scrollback active'
[0.057] Ignoring invalid config line: 'cmd+l clear_terminal last_command active'
[0.057] Ignoring invalid config line: 'cmd+ctrl+l clear_terminal to_cursor_scroll active'
[0.057] Ignoring invalid config line: 'kitty_mod+f5 load_config_file'
[0.057] Ignoring invalid config line: 'ctrl+cmd+,   load_config_file'
[0.057] Ignoring invalid config line: 'kitty_mod+f6 debug_config'
[0.057] Ignoring invalid config line: 'opt+cmd+,    debug_config'
[0.057] Ignoring invalid config line: 'shift+cmd+/ open_url https://sw.kovidgoyal.net/kitty/'
[0.057] Ignoring invalid config line: 'cmd+h hide_macos_app'
[0.057] Ignoring invalid config line: 'opt+cmd+h hide_macos_other_apps'
[0.058] Ignoring invalid config line: 'cmd+m minimize_macos_window'
[0.058] Ignoring invalid config line: 'cmd+q quit'
[0.058] Ignoring invalid config line: 'foreground'
[0.055] Ignoring invalid config line: 'kitty_mod+c copy_to_clipboard'
[0.055] Ignoring invalid config line: 'cmd+c copy_or_noop'
[0.055] Ignoring invalid config line: 'kitty_mod+v paste_from_clipboard'
[0.055] Ignoring invalid config line: 'cmd+v       paste_from_clipboard'
[0.055] Ignoring invalid config line: 'kitty_mod+s  paste_from_selection'
[0.055] Ignoring invalid config line: 'shift+insert paste_from_selection'
[0.055] Ignoring invalid config line: 'kitty_mod+o pass_selection_to_program'
[0.055] Ignoring invalid config line: 'kitty_mod+up    scroll_line_up'
[0.055] Ignoring invalid config line: 'kitty_mod+k     scroll_line_up'
[0.055] Ignoring invalid config line: 'opt+cmd+page_up scroll_line_up'
[0.055] Ignoring invalid config line: 'cmd+up          scroll_line_up'
[0.055] Ignoring invalid config line: 'kitty_mod+down    scroll_line_down'
[0.055] Ignoring invalid config line: 'kitty_mod+j       scroll_line_down'
[0.055] Ignoring invalid config line: 'opt+cmd+page_down scroll_line_down'
[0.055] Ignoring invalid config line: 'cmd+down          scroll_line_down'
[0.055] Ignoring invalid config line: 'kitty_mod+page_up scroll_page_up'
[0.055] Ignoring invalid config line: 'cmd+page_up       scroll_page_up'
[0.055] Ignoring invalid config line: 'kitty_mod+page_down scroll_page_down'
[0.055] Ignoring invalid config line: 'cmd+page_down       scroll_page_down'
[0.055] Ignoring invalid config line: 'kitty_mod+home scroll_home'
[0.055] Ignoring invalid config line: 'cmd+home       scroll_home'
[0.055] Ignoring invalid config line: 'kitty_mod+end scroll_end'
[0.055] Ignoring invalid config line: 'cmd+end       scroll_end'
[0.055] Ignoring invalid config line: 'kitty_mod+z scroll_to_prompt -1'
[0.055] Ignoring invalid config line: 'kitty_mod+x scroll_to_prompt 1'
[0.055] Ignoring invalid config line: 'kitty_mod+h show_scrollback'
[0.055] Ignoring invalid config line: 'kitty_mod+g show_last_command_output'
[0.055] Ignoring invalid config line: 'kitty_mod+enter new_window'
[0.055] Ignoring invalid config line: 'cmd+enter       new_window'
[0.055] Ignoring invalid config line: 'kitty_mod+n new_os_window'
[0.055] Ignoring invalid config line: 'cmd+n       new_os_window'
[0.055] Ignoring invalid config line: 'kitty_mod+w close_window'
[0.056] Ignoring invalid config line: 'shift+cmd+d close_window'
[0.056] Ignoring invalid config line: 'kitty_mod+] next_window'
[0.056] Ignoring invalid config line: 'kitty_mod+[ previous_window'
[0.056] Ignoring invalid config line: 'kitty_mod+f move_window_forward'
[0.056] Ignoring invalid config line: 'kitty_mod+b move_window_backward'
[0.056] Ignoring invalid config line: 'kitty_mod+` move_window_to_top'
[0.056] Ignoring invalid config line: 'kitty_mod+r start_resizing_window'
[0.056] Ignoring invalid config line: 'cmd+r       start_resizing_window'
[0.056] Ignoring invalid config line: 'kitty_mod+1 first_window'
[0.056] Ignoring invalid config line: 'cmd+1       first_window'
[0.056] Ignoring invalid config line: 'kitty_mod+2 second_window'
[0.056] Ignoring invalid config line: 'cmd+2       second_window'
[0.056] Ignoring invalid config line: 'kitty_mod+3 third_window'
[0.056] Ignoring invalid config line: 'cmd+3       third_window'
[0.056] Ignoring invalid config line: 'kitty_mod+4 fourth_window'
[0.056] Ignoring invalid config line: 'cmd+4       fourth_window'
[0.056] Ignoring invalid config line: 'kitty_mod+5 fifth_window'
[0.056] Ignoring invalid config line: 'cmd+5       fifth_window'
[0.056] Ignoring invalid config line: 'kitty_mod+6 sixth_window'
[0.056] Ignoring invalid config line: 'cmd+6       sixth_window'
[0.056] Ignoring invalid config line: 'kitty_mod+7 seventh_window'
[0.056] Ignoring invalid config line: 'cmd+7       seventh_window'
[0.056] Ignoring invalid config line: 'kitty_mod+8 eighth_window'
[0.056] Ignoring invalid config line: 'cmd+8       eighth_window'
[0.056] Ignoring invalid config line: 'kitty_mod+9 ninth_window'
[0.056] Ignoring invalid config line: 'cmd+9       ninth_window'
[0.056] Ignoring invalid config line: 'kitty_mod+0 tenth_window'
[0.056] Ignoring invalid config line: 'kitty_mod+f7 focus_visible_window'
[0.056] Ignoring invalid config line: 'kitty_mod+f8 swap_with_window'
[0.056] Ignoring invalid config line: 'kitty_mod+right next_tab'
[0.056] Ignoring invalid config line: 'shift+cmd+]     next_tab'
[0.056] Ignoring invalid config line: 'ctrl+tab        next_tab'
[0.056] Ignoring invalid config line: 'kitty_mod+left previous_tab'
[0.056] Ignoring invalid config line: 'shift+cmd+[    previous_tab'
[0.056] Ignoring invalid config line: 'ctrl+shift+tab previous_tab'
[0.056] Ignoring invalid config line: 'kitty_mod+t new_tab'
[0.056] Ignoring invalid config line: 'cmd+t       new_tab'
[0.056] Ignoring invalid config line: 'kitty_mod+q close_tab'
[0.056] Ignoring invalid config line: 'cmd+w       close_tab'
[0.056] Ignoring invalid config line: 'shift+cmd+w close_os_window'
[0.056] Ignoring invalid config line: 'kitty_mod+. move_tab_forward'
[0.056] Ignoring invalid config line: 'kitty_mod+, move_tab_backward'
[0.056] Ignoring invalid config line: 'kitty_mod+alt+t set_tab_title'
[0.056] Ignoring invalid config line: 'shift+cmd+i     set_tab_title'
[0.056] Ignoring invalid config line: 'kitty_mod+l next_layout'
[0.056] Ignoring invalid config line: 'kitty_mod+equal  change_font_size all +2.0'
[0.056] Ignoring invalid config line: 'kitty_mod+plus   change_font_size all +2.0'
[0.056] Ignoring invalid config line: 'kitty_mod+kp_add change_font_size all +2.0'
[0.056] Ignoring invalid config line: 'cmd+plus         change_font_size all +2.0'
[0.056] Ignoring invalid config line: 'cmd+equal        change_font_size all +2.0'
[0.056] Ignoring invalid config line: 'shift+cmd+equal  change_font_size all +2.0'
[0.056] Ignoring invalid config line: 'kitty_mod+minus       change_font_size all -2.0'
[0.056] Ignoring invalid config line: 'kitty_mod+kp_subtract change_font_size all -2.0'
[0.056] Ignoring invalid config line: 'cmd+minus             change_font_size all -2.0'
[0.057] Ignoring invalid config line: 'shift+cmd+minus       change_font_size all -2.0'
[0.057] Ignoring invalid config line: 'kitty_mod+backspace change_font_size all 0'
[0.057] Ignoring invalid config line: 'cmd+0               change_font_size all 0'
[0.057] Ignoring invalid config line: 'kitty_mod+e open_url_with_hints'
[0.057] Ignoring invalid config line: 'kitty_mod+p>f kitten hints --type path --program -'
[0.057] Ignoring invalid config line: 'kitty_mod+p>shift+f kitten hints --type path'
[0.057] Ignoring invalid config line: 'kitty_mod+p>l kitten hints --type line --program -'
[0.057] Ignoring invalid config line: 'kitty_mod+p>w kitten hints --type word --program -'
[0.057] Ignoring invalid config line: 'kitty_mod+p>h kitten hints --type hash --program -'
[0.057] Ignoring invalid config line: 'kitty_mod+p>n kitten hints --type linenum'
[0.057] Ignoring invalid config line: 'kitty_mod+p>y kitten hints --type hyperlink'
[0.057] Ignoring invalid config line: 'kitty_mod+f1 show_kitty_doc overview'
[0.057] Ignoring invalid config line: 'kitty_mod+f11 toggle_fullscreen'
[0.057] Ignoring invalid config line: 'ctrl+cmd+f    toggle_fullscreen'
[0.057] Ignoring invalid config line: 'kitty_mod+f10 toggle_maximized'
[0.057] Ignoring invalid config line: 'opt+cmd+s toggle_macos_secure_keyboard_entry'
[0.057] Ignoring invalid config line: 'cmd+` macos_cycle_through_os_windows'
[0.057] Ignoring invalid config line: 'kitty_mod+u    kitten unicode_input'
[0.057] Ignoring invalid config line: 'ctrl+cmd+space kitten unicode_input'
[0.057] Ignoring invalid config line: 'kitty_mod+f2 edit_config_file'
[0.057] Ignoring invalid config line: 'cmd+,        edit_config_file'
[0.057] Ignoring invalid config line: 'kitty_mod+escape kitty_shell window'
[0.057] Ignoring invalid config line: 'kitty_mod+a>m set_background_opacity +0.1'
[0.057] Ignoring invalid config line: 'kitty_mod+a>l set_background_opacity -0.1'
[0.057] Ignoring invalid config line: 'kitty_mod+a>1 set_background_opacity 1'
[0.057] Ignoring invalid config line: 'kitty_mod+a>d set_background_opacity default'
[0.057] Ignoring invalid config line: 'kitty_mod+delete clear_terminal reset active'
[0.057] Ignoring invalid config line: 'opt+cmd+r        clear_terminal reset active'
[0.057] Ignoring invalid config line: 'cmd+k clear_terminal to_cursor active'
[0.057] Ignoring invalid config line: 'option+cmd+k clear_terminal scrollback active'
[0.057] Ignoring invalid config line: 'cmd+l clear_terminal last_command active'
[0.057] Ignoring invalid config line: 'cmd+ctrl+l clear_terminal to_cursor_scroll active'
[0.057] Ignoring invalid config line: 'kitty_mod+f5 load_config_file'
[0.057] Ignoring invalid config line: 'ctrl+cmd+,   load_config_file'
[0.057] Ignoring invalid config line: 'kitty_mod+f6 debug_config'
[0.057] Ignoring invalid config line: 'opt+cmd+,    debug_config'
[0.057] Ignoring invalid config line: 'shift+cmd+/ open_url https://sw.kovidgoyal.net/kitty/'
[0.057] Ignoring invalid config line: 'cmd+h hide_macos_app'
[0.057] Ignoring invalid config line: 'opt+cmd+h hide_macos_other_apps'
[0.057] Ignoring invalid config line: 'cmd+m minimize_macos_window'
[0.057] Ignoring invalid config line: 'cmd+q quit'
[0.058] Ignoring invalid config line: 'foreground'
[2026-04-12 14:49:30.937] [info] Hyprland config reloaded, reinitializing hyprland/workspaces module...
[2026-04-12 14:49:30.957] [info] Loading persistent workspaces from Waybar config
[2026-04-12 14:49:30.957] [info] Loading persistent workspaces from Hyprland workspace rules
[2026-04-12 14:49:30.958] [info] Hyprland config reloaded, reinitializing hyprland/workspaces module...
[2026-04-12 14:49:30.958] [info] Loading persistent workspaces from Waybar config
[2026-04-12 14:49:30.959] [info] Loading persistent workspaces from Hyprland workspace rules
[0.055] Ignoring invalid config line: 'kitty_mod+c copy_to_clipboard'
[0.055] Ignoring invalid config line: 'cmd+c copy_or_noop'
[0.055] Ignoring invalid config line: 'kitty_mod+v paste_from_clipboard'
[0.055] Ignoring invalid config line: 'cmd+v       paste_from_clipboard'
[0.055] Ignoring invalid config line: 'kitty_mod+s  paste_from_selection'
[0.055] Ignoring invalid config line: 'shift+insert paste_from_selection'
[0.055] Ignoring invalid config line: 'kitty_mod+o pass_selection_to_program'
[0.055] Ignoring invalid config line: 'kitty_mod+up    scroll_line_up'
[0.055] Ignoring invalid config line: 'kitty_mod+k     scroll_line_up'
[0.055] Ignoring invalid config line: 'opt+cmd+page_up scroll_line_up'
[0.055] Ignoring invalid config line: 'cmd+up          scroll_line_up'
[0.055] Ignoring invalid config line: 'kitty_mod+down    scroll_line_down'
[0.055] Ignoring invalid config line: 'kitty_mod+j       scroll_line_down'
[0.055] Ignoring invalid config line: 'opt+cmd+page_down scroll_line_down'
[0.055] Ignoring invalid config line: 'cmd+down          scroll_line_down'
[0.055] Ignoring invalid config line: 'kitty_mod+page_up scroll_page_up'
[0.055] Ignoring invalid config line: 'cmd+page_up       scroll_page_up'
[0.055] Ignoring invalid config line: 'kitty_mod+page_down scroll_page_down'
[0.055] Ignoring invalid config line: 'cmd+page_down       scroll_page_down'
[0.055] Ignoring invalid config line: 'kitty_mod+home scroll_home'
[0.055] Ignoring invalid config line: 'cmd+home       scroll_home'
[0.055] Ignoring invalid config line: 'kitty_mod+end scroll_end'
[0.055] Ignoring invalid config line: 'cmd+end       scroll_end'
[0.055] Ignoring invalid config line: 'kitty_mod+z scroll_to_prompt -1'
[0.055] Ignoring invalid config line: 'kitty_mod+x scroll_to_prompt 1'
[0.055] Ignoring invalid config line: 'kitty_mod+h show_scrollback'
[0.055] Ignoring invalid config line: 'kitty_mod+g show_last_command_output'
[0.055] Ignoring invalid config line: 'kitty_mod+enter new_window'
[0.055] Ignoring invalid config line: 'cmd+enter       new_window'
[0.056] Ignoring invalid config line: 'kitty_mod+n new_os_window'
[0.056] Ignoring invalid config line: 'cmd+n       new_os_window'
[0.056] Ignoring invalid config line: 'kitty_mod+w close_window'
[0.056] Ignoring invalid config line: 'shift+cmd+d close_window'
[0.056] Ignoring invalid config line: 'kitty_mod+] next_window'
[0.056] Ignoring invalid config line: 'kitty_mod+[ previous_window'
[0.056] Ignoring invalid config line: 'kitty_mod+f move_window_forward'
[0.056] Ignoring invalid config line: 'kitty_mod+b move_window_backward'
[0.056] Ignoring invalid config line: 'kitty_mod+` move_window_to_top'
[0.056] Ignoring invalid config line: 'kitty_mod+r start_resizing_window'
[0.056] Ignoring invalid config line: 'cmd+r       start_resizing_window'
[0.056] Ignoring invalid config line: 'kitty_mod+1 first_window'
[0.056] Ignoring invalid config line: 'cmd+1       first_window'
[0.056] Ignoring invalid config line: 'kitty_mod+2 second_window'
[0.056] Ignoring invalid config line: 'cmd+2       second_window'
[0.056] Ignoring invalid config line: 'kitty_mod+3 third_window'
[0.056] Ignoring invalid config line: 'cmd+3       third_window'
[0.056] Ignoring invalid config line: 'kitty_mod+4 fourth_window'
[0.056] Ignoring invalid config line: 'cmd+4       fourth_window'
[0.056] Ignoring invalid config line: 'kitty_mod+5 fifth_window'
[0.056] Ignoring invalid config line: 'cmd+5       fifth_window'
[0.056] Ignoring invalid config line: 'kitty_mod+6 sixth_window'
[0.056] Ignoring invalid config line: 'cmd+6       sixth_window'
[0.056] Ignoring invalid config line: 'kitty_mod+7 seventh_window'
[0.056] Ignoring invalid config line: 'cmd+7       seventh_window'
[0.056] Ignoring invalid config line: 'kitty_mod+8 eighth_window'
[0.056] Ignoring invalid config line: 'cmd+8       eighth_window'
[0.056] Ignoring invalid config line: 'kitty_mod+9 ninth_window'
[0.056] Ignoring invalid config line: 'cmd+9       ninth_window'
[0.056] Ignoring invalid config line: 'kitty_mod+0 tenth_window'
[0.056] Ignoring invalid config line: 'kitty_mod+f7 focus_visible_window'
[0.056] Ignoring invalid config line: 'kitty_mod+f8 swap_with_window'
[0.056] Ignoring invalid config line: 'kitty_mod+right next_tab'
[0.056] Ignoring invalid config line: 'shift+cmd+]     next_tab'
[0.056] Ignoring invalid config line: 'ctrl+tab        next_tab'
[0.056] Ignoring invalid config line: 'kitty_mod+left previous_tab'
[0.056] Ignoring invalid config line: 'shift+cmd+[    previous_tab'
[0.056] Ignoring invalid config line: 'ctrl+shift+tab previous_tab'
[0.056] Ignoring invalid config line: 'kitty_mod+t new_tab'
[0.056] Ignoring invalid config line: 'cmd+t       new_tab'
[0.056] Ignoring invalid config line: 'kitty_mod+q close_tab'
[0.056] Ignoring invalid config line: 'cmd+w       close_tab'
[0.056] Ignoring invalid config line: 'shift+cmd+w close_os_window'
[0.056] Ignoring invalid config line: 'kitty_mod+. move_tab_forward'
[0.056] Ignoring invalid config line: 'kitty_mod+, move_tab_backward'
[0.056] Ignoring invalid config line: 'kitty_mod+alt+t set_tab_title'
[0.056] Ignoring invalid config line: 'shift+cmd+i     set_tab_title'
[0.056] Ignoring invalid config line: 'kitty_mod+l next_layout'
[0.056] Ignoring invalid config line: 'kitty_mod+equal  change_font_size all +2.0'
[0.056] Ignoring invalid config line: 'kitty_mod+plus   change_font_size all +2.0'
[0.056] Ignoring invalid config line: 'kitty_mod+kp_add change_font_size all +2.0'
[0.056] Ignoring invalid config line: 'cmd+plus         change_font_size all +2.0'
[0.057] Ignoring invalid config line: 'cmd+equal        change_font_size all +2.0'
[0.057] Ignoring invalid config line: 'shift+cmd+equal  change_font_size all +2.0'
[0.057] Ignoring invalid config line: 'kitty_mod+minus       change_font_size all -2.0'
[0.057] Ignoring invalid config line: 'kitty_mod+kp_subtract change_font_size all -2.0'
[0.057] Ignoring invalid config line: 'cmd+minus             change_font_size all -2.0'
[0.057] Ignoring invalid config line: 'shift+cmd+minus       change_font_size all -2.0'
[0.057] Ignoring invalid config line: 'kitty_mod+backspace change_font_size all 0'
[0.057] Ignoring invalid config line: 'cmd+0               change_font_size all 0'
[0.057] Ignoring invalid config line: 'kitty_mod+e open_url_with_hints'
[0.057] Ignoring invalid config line: 'kitty_mod+p>f kitten hints --type path --program -'
[0.057] Ignoring invalid config line: 'kitty_mod+p>shift+f kitten hints --type path'
[0.057] Ignoring invalid config line: 'kitty_mod+p>l kitten hints --type line --program -'
[0.057] Ignoring invalid config line: 'kitty_mod+p>w kitten hints --type word --program -'
[0.057] Ignoring invalid config line: 'kitty_mod+p>h kitten hints --type hash --program -'
[0.057] Ignoring invalid config line: 'kitty_mod+p>n kitten hints --type linenum'
[0.057] Ignoring invalid config line: 'kitty_mod+p>y kitten hints --type hyperlink'
[0.057] Ignoring invalid config line: 'kitty_mod+f1 show_kitty_doc overview'
[0.057] Ignoring invalid config line: 'kitty_mod+f11 toggle_fullscreen'
[0.057] Ignoring invalid config line: 'ctrl+cmd+f    toggle_fullscreen'
[0.057] Ignoring invalid config line: 'kitty_mod+f10 toggle_maximized'
[0.057] Ignoring invalid config line: 'opt+cmd+s toggle_macos_secure_keyboard_entry'
[0.057] Ignoring invalid config line: 'cmd+` macos_cycle_through_os_windows'
[0.057] Ignoring invalid config line: 'kitty_mod+u    kitten unicode_input'
[0.057] Ignoring invalid config line: 'ctrl+cmd+space kitten unicode_input'
[0.057] Ignoring invalid config line: 'kitty_mod+f2 edit_config_file'
[0.057] Ignoring invalid config line: 'cmd+,        edit_config_file'
[0.057] Ignoring invalid config line: 'kitty_mod+escape kitty_shell window'
[0.057] Ignoring invalid config line: 'kitty_mod+a>m set_background_opacity +0.1'
[0.057] Ignoring invalid config line: 'kitty_mod+a>l set_background_opacity -0.1'
[0.057] Ignoring invalid config line: 'kitty_mod+a>1 set_background_opacity 1'
[0.057] Ignoring invalid config line: 'kitty_mod+a>d set_background_opacity default'
[0.057] Ignoring invalid config line: 'kitty_mod+delete clear_terminal reset active'
[0.057] Ignoring invalid config line: 'opt+cmd+r        clear_terminal reset active'
[0.057] Ignoring invalid config line: 'cmd+k clear_terminal to_cursor active'
[0.057] Ignoring invalid config line: 'option+cmd+k clear_terminal scrollback active'
[0.057] Ignoring invalid config line: 'cmd+l clear_terminal last_command active'
[0.057] Ignoring invalid config line: 'cmd+ctrl+l clear_terminal to_cursor_scroll active'
[0.057] Ignoring invalid config line: 'kitty_mod+f5 load_config_file'
[0.057] Ignoring invalid config line: 'ctrl+cmd+,   load_config_file'
[0.057] Ignoring invalid config line: 'kitty_mod+f6 debug_config'
[0.057] Ignoring invalid config line: 'opt+cmd+,    debug_config'
[0.057] Ignoring invalid config line: 'shift+cmd+/ open_url https://sw.kovidgoyal.net/kitty/'
[0.057] Ignoring invalid config line: 'cmd+h hide_macos_app'
[0.057] Ignoring invalid config line: 'opt+cmd+h hide_macos_other_apps'
[0.057] Ignoring invalid config line: 'cmd+m minimize_macos_window'
[0.057] Ignoring invalid config line: 'cmd+q quit'
[0.058] Ignoring invalid config line: 'foreground'
[2026-04-12 14:49:36.813] [info] Hyprland config reloaded, reinitializing hyprland/workspaces module...
[2026-04-12 14:49:36.826] [info] Loading persistent workspaces from Waybar config
[2026-04-12 14:49:36.826] [info] Loading persistent workspaces from Hyprland workspace rules
[2026-04-12 14:49:36.826] [info] Hyprland config reloaded, reinitializing hyprland/workspaces module...
[2026-04-12 14:49:36.827] [info] Loading persistent workspaces from Waybar config
[2026-04-12 14:49:36.827] [info] Loading persistent workspaces from Hyprland workspace rules
[0.054] Ignoring invalid config line: 'kitty_mod+c copy_to_clipboard'
[0.054] Ignoring invalid config line: 'cmd+c copy_or_noop'
[0.054] Ignoring invalid config line: 'kitty_mod+v paste_from_clipboard'
[0.054] Ignoring invalid config line: 'cmd+v       paste_from_clipboard'
[0.054] Ignoring invalid config line: 'kitty_mod+s  paste_from_selection'
[0.054] Ignoring invalid config line: 'shift+insert paste_from_selection'
[0.054] Ignoring invalid config line: 'kitty_mod+o pass_selection_to_program'
[0.054] Ignoring invalid config line: 'kitty_mod+up    scroll_line_up'
[0.054] Ignoring invalid config line: 'kitty_mod+k     scroll_line_up'
[0.054] Ignoring invalid config line: 'opt+cmd+page_up scroll_line_up'
[0.054] Ignoring invalid config line: 'cmd+up          scroll_line_up'
[0.054] Ignoring invalid config line: 'kitty_mod+down    scroll_line_down'
[0.054] Ignoring invalid config line: 'kitty_mod+j       scroll_line_down'
[0.054] Ignoring invalid config line: 'opt+cmd+page_down scroll_line_down'
[0.054] Ignoring invalid config line: 'cmd+down          scroll_line_down'
[0.054] Ignoring invalid config line: 'kitty_mod+page_up scroll_page_up'
[0.054] Ignoring invalid config line: 'cmd+page_up       scroll_page_up'
[0.054] Ignoring invalid config line: 'kitty_mod+page_down scroll_page_down'
[0.054] Ignoring invalid config line: 'cmd+page_down       scroll_page_down'
[0.054] Ignoring invalid config line: 'kitty_mod+home scroll_home'
[0.054] Ignoring invalid config line: 'cmd+home       scroll_home'
[0.054] Ignoring invalid config line: 'kitty_mod+end scroll_end'
[0.054] Ignoring invalid config line: 'cmd+end       scroll_end'
[0.055] Ignoring invalid config line: 'kitty_mod+z scroll_to_prompt -1'
[0.055] Ignoring invalid config line: 'kitty_mod+x scroll_to_prompt 1'
[0.055] Ignoring invalid config line: 'kitty_mod+h show_scrollback'
[0.055] Ignoring invalid config line: 'kitty_mod+g show_last_command_output'
[0.055] Ignoring invalid config line: 'kitty_mod+enter new_window'
[0.055] Ignoring invalid config line: 'cmd+enter       new_window'
[0.055] Ignoring invalid config line: 'kitty_mod+n new_os_window'
[0.055] Ignoring invalid config line: 'cmd+n       new_os_window'
[0.055] Ignoring invalid config line: 'kitty_mod+w close_window'
[0.055] Ignoring invalid config line: 'shift+cmd+d close_window'
[0.055] Ignoring invalid config line: 'kitty_mod+] next_window'
[0.055] Ignoring invalid config line: 'kitty_mod+[ previous_window'
[0.055] Ignoring invalid config line: 'kitty_mod+f move_window_forward'
[0.055] Ignoring invalid config line: 'kitty_mod+b move_window_backward'
[0.055] Ignoring invalid config line: 'kitty_mod+` move_window_to_top'
[0.055] Ignoring invalid config line: 'kitty_mod+r start_resizing_window'
[0.055] Ignoring invalid config line: 'cmd+r       start_resizing_window'
[0.055] Ignoring invalid config line: 'kitty_mod+1 first_window'
[0.055] Ignoring invalid config line: 'cmd+1       first_window'
[0.055] Ignoring invalid config line: 'kitty_mod+2 second_window'
[0.055] Ignoring invalid config line: 'cmd+2       second_window'
[0.055] Ignoring invalid config line: 'kitty_mod+3 third_window'
[0.055] Ignoring invalid config line: 'cmd+3       third_window'
[0.055] Ignoring invalid config line: 'kitty_mod+4 fourth_window'
[0.055] Ignoring invalid config line: 'cmd+4       fourth_window'
[0.055] Ignoring invalid config line: 'kitty_mod+5 fifth_window'
[0.055] Ignoring invalid config line: 'cmd+5       fifth_window'
[0.055] Ignoring invalid config line: 'kitty_mod+6 sixth_window'
[0.055] Ignoring invalid config line: 'cmd+6       sixth_window'
[0.055] Ignoring invalid config line: 'kitty_mod+7 seventh_window'
[0.055] Ignoring invalid config line: 'cmd+7       seventh_window'
[0.055] Ignoring invalid config line: 'kitty_mod+8 eighth_window'
[0.055] Ignoring invalid config line: 'cmd+8       eighth_window'
[0.055] Ignoring invalid config line: 'kitty_mod+9 ninth_window'
[0.055] Ignoring invalid config line: 'cmd+9       ninth_window'
[0.055] Ignoring invalid config line: 'kitty_mod+0 tenth_window'
[0.055] Ignoring invalid config line: 'kitty_mod+f7 focus_visible_window'
[0.055] Ignoring invalid config line: 'kitty_mod+f8 swap_with_window'
[0.055] Ignoring invalid config line: 'kitty_mod+right next_tab'
[0.055] Ignoring invalid config line: 'shift+cmd+]     next_tab'
[0.055] Ignoring invalid config line: 'ctrl+tab        next_tab'
[0.055] Ignoring invalid config line: 'kitty_mod+left previous_tab'
[0.055] Ignoring invalid config line: 'shift+cmd+[    previous_tab'
[0.055] Ignoring invalid config line: 'ctrl+shift+tab previous_tab'
[0.055] Ignoring invalid config line: 'kitty_mod+t new_tab'
[0.055] Ignoring invalid config line: 'cmd+t       new_tab'
[0.055] Ignoring invalid config line: 'kitty_mod+q close_tab'
[0.055] Ignoring invalid config line: 'cmd+w       close_tab'
[0.055] Ignoring invalid config line: 'shift+cmd+w close_os_window'
[0.055] Ignoring invalid config line: 'kitty_mod+. move_tab_forward'
[0.055] Ignoring invalid config line: 'kitty_mod+, move_tab_backward'
[0.056] Ignoring invalid config line: 'kitty_mod+alt+t set_tab_title'
[0.056] Ignoring invalid config line: 'shift+cmd+i     set_tab_title'
[0.056] Ignoring invalid config line: 'kitty_mod+l next_layout'
[0.056] Ignoring invalid config line: 'kitty_mod+equal  change_font_size all +2.0'
[0.056] Ignoring invalid config line: 'kitty_mod+plus   change_font_size all +2.0'
[0.056] Ignoring invalid config line: 'kitty_mod+kp_add change_font_size all +2.0'
[0.056] Ignoring invalid config line: 'cmd+plus         change_font_size all +2.0'
[0.056] Ignoring invalid config line: 'cmd+equal        change_font_size all +2.0'
[0.056] Ignoring invalid config line: 'shift+cmd+equal  change_font_size all +2.0'
[0.056] Ignoring invalid config line: 'kitty_mod+minus       change_font_size all -2.0'
[0.056] Ignoring invalid config line: 'kitty_mod+kp_subtract change_font_size all -2.0'
[0.056] Ignoring invalid config line: 'cmd+minus             change_font_size all -2.0'
[0.056] Ignoring invalid config line: 'shift+cmd+minus       change_font_size all -2.0'
[0.056] Ignoring invalid config line: 'kitty_mod+backspace change_font_size all 0'
[0.056] Ignoring invalid config line: 'cmd+0               change_font_size all 0'
[0.056] Ignoring invalid config line: 'kitty_mod+e open_url_with_hints'
[0.056] Ignoring invalid config line: 'kitty_mod+p>f kitten hints --type path --program -'
[0.056] Ignoring invalid config line: 'kitty_mod+p>shift+f kitten hints --type path'
[0.056] Ignoring invalid config line: 'kitty_mod+p>l kitten hints --type line --program -'
[0.056] Ignoring invalid config line: 'kitty_mod+p>w kitten hints --type word --program -'
[0.056] Ignoring invalid config line: 'kitty_mod+p>h kitten hints --type hash --program -'
[0.056] Ignoring invalid config line: 'kitty_mod+p>n kitten hints --type linenum'
[0.056] Ignoring invalid config line: 'kitty_mod+p>y kitten hints --type hyperlink'
[0.056] Ignoring invalid config line: 'kitty_mod+f1 show_kitty_doc overview'
[0.056] Ignoring invalid config line: 'kitty_mod+f11 toggle_fullscreen'
[0.056] Ignoring invalid config line: 'ctrl+cmd+f    toggle_fullscreen'
[0.056] Ignoring invalid config line: 'kitty_mod+f10 toggle_maximized'
[0.056] Ignoring invalid config line: 'opt+cmd+s toggle_macos_secure_keyboard_entry'
[0.056] Ignoring invalid config line: 'cmd+` macos_cycle_through_os_windows'
[0.056] Ignoring invalid config line: 'kitty_mod+u    kitten unicode_input'
[0.056] Ignoring invalid config line: 'ctrl+cmd+space kitten unicode_input'
[0.056] Ignoring invalid config line: 'kitty_mod+f2 edit_config_file'
[0.056] Ignoring invalid config line: 'cmd+,        edit_config_file'
[0.056] Ignoring invalid config line: 'kitty_mod+escape kitty_shell window'
[0.056] Ignoring invalid config line: 'kitty_mod+a>m set_background_opacity +0.1'
[0.056] Ignoring invalid config line: 'kitty_mod+a>l set_background_opacity -0.1'
[0.056] Ignoring invalid config line: 'kitty_mod+a>1 set_background_opacity 1'
[0.056] Ignoring invalid config line: 'kitty_mod+a>d set_background_opacity default'
[0.056] Ignoring invalid config line: 'kitty_mod+delete clear_terminal reset active'
[0.056] Ignoring invalid config line: 'opt+cmd+r        clear_terminal reset active'
[0.056] Ignoring invalid config line: 'cmd+k clear_terminal to_cursor active'
[0.056] Ignoring invalid config line: 'option+cmd+k clear_terminal scrollback active'
[0.056] Ignoring invalid config line: 'cmd+l clear_terminal last_command active'
[0.056] Ignoring invalid config line: 'cmd+ctrl+l clear_terminal to_cursor_scroll active'
[0.056] Ignoring invalid config line: 'kitty_mod+f5 load_config_file'
[0.056] Ignoring invalid config line: 'ctrl+cmd+,   load_config_file'
[0.057] Ignoring invalid config line: 'kitty_mod+f6 debug_config'
[0.057] Ignoring invalid config line: 'opt+cmd+,    debug_config'
[0.057] Ignoring invalid config line: 'shift+cmd+/ open_url https://sw.kovidgoyal.net/kitty/'
[0.057] Ignoring invalid config line: 'cmd+h hide_macos_app'
[0.057] Ignoring invalid config line: 'opt+cmd+h hide_macos_other_apps'
[0.057] Ignoring invalid config line: 'cmd+m minimize_macos_window'
[0.057] Ignoring invalid config line: 'cmd+q quit'
[0.057] Ignoring invalid config line: 'foreground'
[2026-04-12 14:49:46.315] [info] Hyprland config reloaded, reinitializing hyprland/workspaces module...
[2026-04-12 14:49:46.335] [info] Loading persistent workspaces from Waybar config
[2026-04-12 14:49:46.336] [info] Loading persistent workspaces from Hyprland workspace rules
[2026-04-12 14:49:46.336] [info] Hyprland config reloaded, reinitializing hyprland/workspaces module...
[2026-04-12 14:49:46.337] [info] Loading persistent workspaces from Waybar config
[2026-04-12 14:49:46.337] [info] Loading persistent workspaces from Hyprland workspace rules
[0.053] Ignoring invalid config line: 'kitty_mod+c copy_to_clipboard'
[0.053] Ignoring invalid config line: 'cmd+c copy_or_noop'
[0.053] Ignoring invalid config line: 'kitty_mod+v paste_from_clipboard'
[0.053] Ignoring invalid config line: 'cmd+v       paste_from_clipboard'
[0.053] Ignoring invalid config line: 'kitty_mod+s  paste_from_selection'
[0.053] Ignoring invalid config line: 'shift+insert paste_from_selection'
[0.053] Ignoring invalid config line: 'kitty_mod+o pass_selection_to_program'
[0.053] Ignoring invalid config line: 'kitty_mod+up    scroll_line_up'
[0.053] Ignoring invalid config line: 'kitty_mod+k     scroll_line_up'
[0.053] Ignoring invalid config line: 'opt+cmd+page_up scroll_line_up'
[0.053] Ignoring invalid config line: 'cmd+up          scroll_line_up'
[0.053] Ignoring invalid config line: 'kitty_mod+down    scroll_line_down'
[0.053] Ignoring invalid config line: 'kitty_mod+j       scroll_line_down'
[0.053] Ignoring invalid config line: 'opt+cmd+page_down scroll_line_down'
[0.053] Ignoring invalid config line: 'cmd+down          scroll_line_down'
[0.053] Ignoring invalid config line: 'kitty_mod+page_up scroll_page_up'
[0.053] Ignoring invalid config line: 'cmd+page_up       scroll_page_up'
[0.053] Ignoring invalid config line: 'kitty_mod+page_down scroll_page_down'
[0.053] Ignoring invalid config line: 'cmd+page_down       scroll_page_down'
[0.053] Ignoring invalid config line: 'kitty_mod+home scroll_home'
[0.053] Ignoring invalid config line: 'cmd+home       scroll_home'
[0.053] Ignoring invalid config line: 'kitty_mod+end scroll_end'
[0.053] Ignoring invalid config line: 'cmd+end       scroll_end'
[0.053] Ignoring invalid config line: 'kitty_mod+z scroll_to_prompt -1'
[0.053] Ignoring invalid config line: 'kitty_mod+x scroll_to_prompt 1'
[0.053] Ignoring invalid config line: 'kitty_mod+h show_scrollback'
[0.053] Ignoring invalid config line: 'kitty_mod+g show_last_command_output'
[0.053] Ignoring invalid config line: 'kitty_mod+enter new_window'
[0.053] Ignoring invalid config line: 'cmd+enter       new_window'
[0.054] Ignoring invalid config line: 'kitty_mod+n new_os_window'
[0.054] Ignoring invalid config line: 'cmd+n       new_os_window'
[0.054] Ignoring invalid config line: 'kitty_mod+w close_window'
[0.054] Ignoring invalid config line: 'shift+cmd+d close_window'
[0.054] Ignoring invalid config line: 'kitty_mod+] next_window'
[0.054] Ignoring invalid config line: 'kitty_mod+[ previous_window'
[0.054] Ignoring invalid config line: 'kitty_mod+f move_window_forward'
[0.054] Ignoring invalid config line: 'kitty_mod+b move_window_backward'
[0.054] Ignoring invalid config line: 'kitty_mod+` move_window_to_top'
[0.054] Ignoring invalid config line: 'kitty_mod+r start_resizing_window'
[0.054] Ignoring invalid config line: 'cmd+r       start_resizing_window'
[0.054] Ignoring invalid config line: 'kitty_mod+1 first_window'
[0.054] Ignoring invalid config line: 'cmd+1       first_window'
[0.054] Ignoring invalid config line: 'kitty_mod+2 second_window'
[0.054] Ignoring invalid config line: 'cmd+2       second_window'
[0.054] Ignoring invalid config line: 'kitty_mod+3 third_window'
[0.054] Ignoring invalid config line: 'cmd+3       third_window'
[0.054] Ignoring invalid config line: 'kitty_mod+4 fourth_window'
[0.054] Ignoring invalid config line: 'cmd+4       fourth_window'
[0.054] Ignoring invalid config line: 'kitty_mod+5 fifth_window'
[0.054] Ignoring invalid config line: 'cmd+5       fifth_window'
[0.054] Ignoring invalid config line: 'kitty_mod+6 sixth_window'
[0.054] Ignoring invalid config line: 'cmd+6       sixth_window'
[0.054] Ignoring invalid config line: 'kitty_mod+7 seventh_window'
[0.054] Ignoring invalid config line: 'cmd+7       seventh_window'
[0.054] Ignoring invalid config line: 'kitty_mod+8 eighth_window'
[0.054] Ignoring invalid config line: 'cmd+8       eighth_window'
[0.054] Ignoring invalid config line: 'kitty_mod+9 ninth_window'
[0.054] Ignoring invalid config line: 'cmd+9       ninth_window'
[0.054] Ignoring invalid config line: 'kitty_mod+0 tenth_window'
[0.054] Ignoring invalid config line: 'kitty_mod+f7 focus_visible_window'
[0.054] Ignoring invalid config line: 'kitty_mod+f8 swap_with_window'
[0.054] Ignoring invalid config line: 'kitty_mod+right next_tab'
[0.054] Ignoring invalid config line: 'shift+cmd+]     next_tab'
[0.054] Ignoring invalid config line: 'ctrl+tab        next_tab'
[0.054] Ignoring invalid config line: 'kitty_mod+left previous_tab'
[0.054] Ignoring invalid config line: 'shift+cmd+[    previous_tab'
[0.054] Ignoring invalid config line: 'ctrl+shift+tab previous_tab'
[0.054] Ignoring invalid config line: 'kitty_mod+t new_tab'
[0.054] Ignoring invalid config line: 'cmd+t       new_tab'
[0.054] Ignoring invalid config line: 'kitty_mod+q close_tab'
[0.054] Ignoring invalid config line: 'cmd+w       close_tab'
[0.054] Ignoring invalid config line: 'shift+cmd+w close_os_window'
[0.054] Ignoring invalid config line: 'kitty_mod+. move_tab_forward'
[0.054] Ignoring invalid config line: 'kitty_mod+, move_tab_backward'
[0.054] Ignoring invalid config line: 'kitty_mod+alt+t set_tab_title'
[0.054] Ignoring invalid config line: 'shift+cmd+i     set_tab_title'
[0.054] Ignoring invalid config line: 'kitty_mod+l next_layout'
[0.054] Ignoring invalid config line: 'kitty_mod+equal  change_font_size all +2.0'
[0.054] Ignoring invalid config line: 'kitty_mod+plus   change_font_size all +2.0'
[0.054] Ignoring invalid config line: 'kitty_mod+kp_add change_font_size all +2.0'
[0.055] Ignoring invalid config line: 'cmd+plus         change_font_size all +2.0'
[0.055] Ignoring invalid config line: 'cmd+equal        change_font_size all +2.0'
[0.055] Ignoring invalid config line: 'shift+cmd+equal  change_font_size all +2.0'
[0.055] Ignoring invalid config line: 'kitty_mod+minus       change_font_size all -2.0'
[0.055] Ignoring invalid config line: 'kitty_mod+kp_subtract change_font_size all -2.0'
[0.055] Ignoring invalid config line: 'cmd+minus             change_font_size all -2.0'
[0.055] Ignoring invalid config line: 'shift+cmd+minus       change_font_size all -2.0'
[0.055] Ignoring invalid config line: 'kitty_mod+backspace change_font_size all 0'
[0.055] Ignoring invalid config line: 'cmd+0               change_font_size all 0'
[0.055] Ignoring invalid config line: 'kitty_mod+e open_url_with_hints'
[0.055] Ignoring invalid config line: 'kitty_mod+p>f kitten hints --type path --program -'
[0.055] Ignoring invalid config line: 'kitty_mod+p>shift+f kitten hints --type path'
[0.055] Ignoring invalid config line: 'kitty_mod+p>l kitten hints --type line --program -'
[0.055] Ignoring invalid config line: 'kitty_mod+p>w kitten hints --type word --program -'
[0.055] Ignoring invalid config line: 'kitty_mod+p>h kitten hints --type hash --program -'
[0.055] Ignoring invalid config line: 'kitty_mod+p>n kitten hints --type linenum'
[0.055] Ignoring invalid config line: 'kitty_mod+p>y kitten hints --type hyperlink'
[0.055] Ignoring invalid config line: 'kitty_mod+f1 show_kitty_doc overview'
[0.055] Ignoring invalid config line: 'kitty_mod+f11 toggle_fullscreen'
[0.055] Ignoring invalid config line: 'ctrl+cmd+f    toggle_fullscreen'
[0.055] Ignoring invalid config line: 'kitty_mod+f10 toggle_maximized'
[0.055] Ignoring invalid config line: 'opt+cmd+s toggle_macos_secure_keyboard_entry'
[0.055] Ignoring invalid config line: 'cmd+` macos_cycle_through_os_windows'
[0.055] Ignoring invalid config line: 'kitty_mod+u    kitten unicode_input'
[0.055] Ignoring invalid config line: 'ctrl+cmd+space kitten unicode_input'
[0.055] Ignoring invalid config line: 'kitty_mod+f2 edit_config_file'
[0.055] Ignoring invalid config line: 'cmd+,        edit_config_file'
[0.055] Ignoring invalid config line: 'kitty_mod+escape kitty_shell window'
[0.055] Ignoring invalid config line: 'kitty_mod+a>m set_background_opacity +0.1'
[0.055] Ignoring invalid config line: 'kitty_mod+a>l set_background_opacity -0.1'
[0.055] Ignoring invalid config line: 'kitty_mod+a>1 set_background_opacity 1'
[0.055] Ignoring invalid config line: 'kitty_mod+a>d set_background_opacity default'
[0.055] Ignoring invalid config line: 'kitty_mod+delete clear_terminal reset active'
[0.055] Ignoring invalid config line: 'opt+cmd+r        clear_terminal reset active'
[0.055] Ignoring invalid config line: 'cmd+k clear_terminal to_cursor active'
[0.055] Ignoring invalid config line: 'option+cmd+k clear_terminal scrollback active'
[0.055] Ignoring invalid config line: 'cmd+l clear_terminal last_command active'
[0.055] Ignoring invalid config line: 'cmd+ctrl+l clear_terminal to_cursor_scroll active'
[0.055] Ignoring invalid config line: 'kitty_mod+f5 load_config_file'
[0.055] Ignoring invalid config line: 'ctrl+cmd+,   load_config_file'
[0.055] Ignoring invalid config line: 'kitty_mod+f6 debug_config'
[0.055] Ignoring invalid config line: 'opt+cmd+,    debug_config'
[0.055] Ignoring invalid config line: 'shift+cmd+/ open_url https://sw.kovidgoyal.net/kitty/'
[0.055] Ignoring invalid config line: 'cmd+h hide_macos_app'
[0.055] Ignoring invalid config line: 'opt+cmd+h hide_macos_other_apps'
[0.055] Ignoring invalid config line: 'cmd+m minimize_macos_window'
[0.055] Ignoring invalid config line: 'cmd+q quit'
[0.056] Ignoring invalid config line: 'foreground'
[2026-04-12 14:49:54.969] [info] Hyprland config reloaded, reinitializing hyprland/workspaces module...
[2026-04-12 14:49:54.979] [info] Loading persistent workspaces from Waybar config
[2026-04-12 14:49:54.979] [info] Loading persistent workspaces from Hyprland workspace rules
[2026-04-12 14:49:54.979] [info] Hyprland config reloaded, reinitializing hyprland/workspaces module...
[2026-04-12 14:49:54.980] [info] Loading persistent workspaces from Waybar config
[2026-04-12 14:49:54.980] [info] Loading persistent workspaces from Hyprland workspace rules
[0.055] Ignoring invalid config line: 'kitty_mod+c copy_to_clipboard'
[0.055] Ignoring invalid config line: 'cmd+c copy_or_noop'
[0.055] Ignoring invalid config line: 'kitty_mod+v paste_from_clipboard'
[0.055] Ignoring invalid config line: 'cmd+v       paste_from_clipboard'
[0.055] Ignoring invalid config line: 'kitty_mod+s  paste_from_selection'
[0.055] Ignoring invalid config line: 'shift+insert paste_from_selection'
[0.055] Ignoring invalid config line: 'kitty_mod+o pass_selection_to_program'
[0.055] Ignoring invalid config line: 'kitty_mod+up    scroll_line_up'
[0.055] Ignoring invalid config line: 'kitty_mod+k     scroll_line_up'
[0.055] Ignoring invalid config line: 'opt+cmd+page_up scroll_line_up'
[0.055] Ignoring invalid config line: 'cmd+up          scroll_line_up'
[0.055] Ignoring invalid config line: 'kitty_mod+down    scroll_line_down'
[0.055] Ignoring invalid config line: 'kitty_mod+j       scroll_line_down'
[0.055] Ignoring invalid config line: 'opt+cmd+page_down scroll_line_down'
[0.055] Ignoring invalid config line: 'cmd+down          scroll_line_down'
[0.055] Ignoring invalid config line: 'kitty_mod+page_up scroll_page_up'
[0.055] Ignoring invalid config line: 'cmd+page_up       scroll_page_up'
[0.055] Ignoring invalid config line: 'kitty_mod+page_down scroll_page_down'
[0.055] Ignoring invalid config line: 'cmd+page_down       scroll_page_down'
[0.055] Ignoring invalid config line: 'kitty_mod+home scroll_home'
[0.055] Ignoring invalid config line: 'cmd+home       scroll_home'
[0.055] Ignoring invalid config line: 'kitty_mod+end scroll_end'
[0.055] Ignoring invalid config line: 'cmd+end       scroll_end'
[0.055] Ignoring invalid config line: 'kitty_mod+z scroll_to_prompt -1'
[0.055] Ignoring invalid config line: 'kitty_mod+x scroll_to_prompt 1'
[0.055] Ignoring invalid config line: 'kitty_mod+h show_scrollback'
[0.056] Ignoring invalid config line: 'kitty_mod+g show_last_command_output'
[0.056] Ignoring invalid config line: 'kitty_mod+enter new_window'
[0.056] Ignoring invalid config line: 'cmd+enter       new_window'
[0.056] Ignoring invalid config line: 'kitty_mod+n new_os_window'
[0.056] Ignoring invalid config line: 'cmd+n       new_os_window'
[0.056] Ignoring invalid config line: 'kitty_mod+w close_window'
[0.056] Ignoring invalid config line: 'shift+cmd+d close_window'
[0.056] Ignoring invalid config line: 'kitty_mod+] next_window'
[0.056] Ignoring invalid config line: 'kitty_mod+[ previous_window'
[0.056] Ignoring invalid config line: 'kitty_mod+f move_window_forward'
[0.056] Ignoring invalid config line: 'kitty_mod+b move_window_backward'
[0.056] Ignoring invalid config line: 'kitty_mod+` move_window_to_top'
[0.056] Ignoring invalid config line: 'kitty_mod+r start_resizing_window'
[0.056] Ignoring invalid config line: 'cmd+r       start_resizing_window'
[0.056] Ignoring invalid config line: 'kitty_mod+1 first_window'
[0.056] Ignoring invalid config line: 'cmd+1       first_window'
[0.056] Ignoring invalid config line: 'kitty_mod+2 second_window'
[0.056] Ignoring invalid config line: 'cmd+2       second_window'
[0.056] Ignoring invalid config line: 'kitty_mod+3 third_window'
[0.056] Ignoring invalid config line: 'cmd+3       third_window'
[0.056] Ignoring invalid config line: 'kitty_mod+4 fourth_window'
[0.056] Ignoring invalid config line: 'cmd+4       fourth_window'
[0.056] Ignoring invalid config line: 'kitty_mod+5 fifth_window'
[0.056] Ignoring invalid config line: 'cmd+5       fifth_window'
[0.056] Ignoring invalid config line: 'kitty_mod+6 sixth_window'
[0.056] Ignoring invalid config line: 'cmd+6       sixth_window'
[0.056] Ignoring invalid config line: 'kitty_mod+7 seventh_window'
[0.056] Ignoring invalid config line: 'cmd+7       seventh_window'
[0.056] Ignoring invalid config line: 'kitty_mod+8 eighth_window'
[0.056] Ignoring invalid config line: 'cmd+8       eighth_window'
[0.056] Ignoring invalid config line: 'kitty_mod+9 ninth_window'
[0.056] Ignoring invalid config line: 'cmd+9       ninth_window'
[0.056] Ignoring invalid config line: 'kitty_mod+0 tenth_window'
[0.056] Ignoring invalid config line: 'kitty_mod+f7 focus_visible_window'
[0.056] Ignoring invalid config line: 'kitty_mod+f8 swap_with_window'
[0.056] Ignoring invalid config line: 'kitty_mod+right next_tab'
[0.056] Ignoring invalid config line: 'shift+cmd+]     next_tab'
[0.056] Ignoring invalid config line: 'ctrl+tab        next_tab'
[0.056] Ignoring invalid config line: 'kitty_mod+left previous_tab'
[0.056] Ignoring invalid config line: 'shift+cmd+[    previous_tab'
[0.056] Ignoring invalid config line: 'ctrl+shift+tab previous_tab'
[0.056] Ignoring invalid config line: 'kitty_mod+t new_tab'
[0.056] Ignoring invalid config line: 'cmd+t       new_tab'
[0.056] Ignoring invalid config line: 'kitty_mod+q close_tab'
[0.056] Ignoring invalid config line: 'cmd+w       close_tab'
[0.056] Ignoring invalid config line: 'shift+cmd+w close_os_window'
[0.056] Ignoring invalid config line: 'kitty_mod+. move_tab_forward'
[0.056] Ignoring invalid config line: 'kitty_mod+, move_tab_backward'
[0.056] Ignoring invalid config line: 'kitty_mod+alt+t set_tab_title'
[0.056] Ignoring invalid config line: 'shift+cmd+i     set_tab_title'
[0.056] Ignoring invalid config line: 'kitty_mod+l next_layout'
[0.057] Ignoring invalid config line: 'kitty_mod+equal  change_font_size all +2.0'
[0.057] Ignoring invalid config line: 'kitty_mod+plus   change_font_size all +2.0'
[0.057] Ignoring invalid config line: 'kitty_mod+kp_add change_font_size all +2.0'
[0.057] Ignoring invalid config line: 'cmd+plus         change_font_size all +2.0'
[0.057] Ignoring invalid config line: 'cmd+equal        change_font_size all +2.0'
[0.057] Ignoring invalid config line: 'shift+cmd+equal  change_font_size all +2.0'
[0.057] Ignoring invalid config line: 'kitty_mod+minus       change_font_size all -2.0'
[0.057] Ignoring invalid config line: 'kitty_mod+kp_subtract change_font_size all -2.0'
[0.057] Ignoring invalid config line: 'cmd+minus             change_font_size all -2.0'
[0.057] Ignoring invalid config line: 'shift+cmd+minus       change_font_size all -2.0'
[0.057] Ignoring invalid config line: 'kitty_mod+backspace change_font_size all 0'
[0.057] Ignoring invalid config line: 'cmd+0               change_font_size all 0'
[0.057] Ignoring invalid config line: 'kitty_mod+e open_url_with_hints'
[0.057] Ignoring invalid config line: 'kitty_mod+p>f kitten hints --type path --program -'
[0.057] Ignoring invalid config line: 'kitty_mod+p>shift+f kitten hints --type path'
[0.057] Ignoring invalid config line: 'kitty_mod+p>l kitten hints --type line --program -'
[0.057] Ignoring invalid config line: 'kitty_mod+p>w kitten hints --type word --program -'
[0.057] Ignoring invalid config line: 'kitty_mod+p>h kitten hints --type hash --program -'
[0.057] Ignoring invalid config line: 'kitty_mod+p>n kitten hints --type linenum'
[0.057] Ignoring invalid config line: 'kitty_mod+p>y kitten hints --type hyperlink'
[0.057] Ignoring invalid config line: 'kitty_mod+f1 show_kitty_doc overview'
[0.057] Ignoring invalid config line: 'kitty_mod+f11 toggle_fullscreen'
[0.057] Ignoring invalid config line: 'ctrl+cmd+f    toggle_fullscreen'
[0.057] Ignoring invalid config line: 'kitty_mod+f10 toggle_maximized'
[0.057] Ignoring invalid config line: 'opt+cmd+s toggle_macos_secure_keyboard_entry'
[0.057] Ignoring invalid config line: 'cmd+` macos_cycle_through_os_windows'
[0.057] Ignoring invalid config line: 'kitty_mod+u    kitten unicode_input'
[0.057] Ignoring invalid config line: 'ctrl+cmd+space kitten unicode_input'
[0.057] Ignoring invalid config line: 'kitty_mod+f2 edit_config_file'
[0.057] Ignoring invalid config line: 'cmd+,        edit_config_file'
[0.057] Ignoring invalid config line: 'kitty_mod+escape kitty_shell window'
[0.057] Ignoring invalid config line: 'kitty_mod+a>m set_background_opacity +0.1'
[0.057] Ignoring invalid config line: 'kitty_mod+a>l set_background_opacity -0.1'
[0.057] Ignoring invalid config line: 'kitty_mod+a>1 set_background_opacity 1'
[0.057] Ignoring invalid config line: 'kitty_mod+a>d set_background_opacity default'
[0.057] Ignoring invalid config line: 'kitty_mod+delete clear_terminal reset active'
[0.057] Ignoring invalid config line: 'opt+cmd+r        clear_terminal reset active'
[0.057] Ignoring invalid config line: 'cmd+k clear_terminal to_cursor active'
[0.057] Ignoring invalid config line: 'option+cmd+k clear_terminal scrollback active'
[0.057] Ignoring invalid config line: 'cmd+l clear_terminal last_command active'
[0.057] Ignoring invalid config line: 'cmd+ctrl+l clear_terminal to_cursor_scroll active'
[0.057] Ignoring invalid config line: 'kitty_mod+f5 load_config_file'
[0.057] Ignoring invalid config line: 'ctrl+cmd+,   load_config_file'
[0.057] Ignoring invalid config line: 'kitty_mod+f6 debug_config'
[0.057] Ignoring invalid config line: 'opt+cmd+,    debug_config'
[0.058] Ignoring invalid config line: 'shift+cmd+/ open_url https://sw.kovidgoyal.net/kitty/'
[0.058] Ignoring invalid config line: 'cmd+h hide_macos_app'
[0.058] Ignoring invalid config line: 'opt+cmd+h hide_macos_other_apps'
[0.058] Ignoring invalid config line: 'cmd+m minimize_macos_window'
[0.058] Ignoring invalid config line: 'cmd+q quit'
[0.058] Ignoring invalid config line: 'foreground'
[2026-04-12 14:50:22.294] [info] Hyprland config reloaded, reinitializing hyprland/workspaces module...
[2026-04-12 14:50:22.322] [info] Loading persistent workspaces from Waybar config
[2026-04-12 14:50:22.322] [info] Loading persistent workspaces from Hyprland workspace rules
[2026-04-12 14:50:22.322] [info] Hyprland config reloaded, reinitializing hyprland/workspaces module...
[2026-04-12 14:50:22.323] [info] Loading persistent workspaces from Waybar config
[2026-04-12 14:50:22.323] [info] Loading persistent workspaces from Hyprland workspace rules
[2026-04-12 14:50:27.573] [info] Hyprland config reloaded, reinitializing hyprland/workspaces module...
[2026-04-12 14:50:27.604] [info] Loading persistent workspaces from Waybar config
[2026-04-12 14:50:27.604] [info] Loading persistent workspaces from Hyprland workspace rules
[2026-04-12 14:50:27.604] [info] Hyprland config reloaded, reinitializing hyprland/workspaces module...
[2026-04-12 14:50:27.605] [info] Loading persistent workspaces from Waybar config
[2026-04-12 14:50:27.605] [info] Loading persistent workspaces from Hyprland workspace rules
[0.058] Ignoring invalid config line: 'kitty_mod+c copy_to_clipboard'
[0.058] Ignoring invalid config line: 'cmd+c copy_or_noop'
[0.058] Ignoring invalid config line: 'kitty_mod+v paste_from_clipboard'
[0.058] Ignoring invalid config line: 'cmd+v       paste_from_clipboard'
[0.058] Ignoring invalid config line: 'kitty_mod+s  paste_from_selection'
[0.058] Ignoring invalid config line: 'shift+insert paste_from_selection'
[0.058] Ignoring invalid config line: 'kitty_mod+o pass_selection_to_program'
[0.058] Ignoring invalid config line: 'kitty_mod+up    scroll_line_up'
[0.058] Ignoring invalid config line: 'kitty_mod+k     scroll_line_up'
[0.058] Ignoring invalid config line: 'opt+cmd+page_up scroll_line_up'
[0.058] Ignoring invalid config line: 'cmd+up          scroll_line_up'
[0.058] Ignoring invalid config line: 'kitty_mod+down    scroll_line_down'
[0.058] Ignoring invalid config line: 'kitty_mod+j       scroll_line_down'
[0.058] Ignoring invalid config line: 'opt+cmd+page_down scroll_line_down'
[0.058] Ignoring invalid config line: 'cmd+down          scroll_line_down'
[0.058] Ignoring invalid config line: 'kitty_mod+page_up scroll_page_up'
[0.058] Ignoring invalid config line: 'cmd+page_up       scroll_page_up'
[0.058] Ignoring invalid config line: 'kitty_mod+page_down scroll_page_down'
[0.058] Ignoring invalid config line: 'cmd+page_down       scroll_page_down'
[0.058] Ignoring invalid config line: 'kitty_mod+home scroll_home'
[0.058] Ignoring invalid config line: 'cmd+home       scroll_home'
[0.058] Ignoring invalid config line: 'kitty_mod+end scroll_end'
[0.058] Ignoring invalid config line: 'cmd+end       scroll_end'
[0.058] Ignoring invalid config line: 'kitty_mod+z scroll_to_prompt -1'
[0.058] Ignoring invalid config line: 'kitty_mod+x scroll_to_prompt 1'
[0.058] Ignoring invalid config line: 'kitty_mod+h show_scrollback'
[0.058] Ignoring invalid config line: 'kitty_mod+g show_last_command_output'
[0.058] Ignoring invalid config line: 'kitty_mod+enter new_window'
[0.059] Ignoring invalid config line: 'cmd+enter       new_window'
[0.059] Ignoring invalid config line: 'kitty_mod+n new_os_window'
[0.059] Ignoring invalid config line: 'cmd+n       new_os_window'
[0.059] Ignoring invalid config line: 'kitty_mod+w close_window'
[0.059] Ignoring invalid config line: 'shift+cmd+d close_window'
[0.059] Ignoring invalid config line: 'kitty_mod+] next_window'
[0.059] Ignoring invalid config line: 'kitty_mod+[ previous_window'
[0.059] Ignoring invalid config line: 'kitty_mod+f move_window_forward'
[0.059] Ignoring invalid config line: 'kitty_mod+b move_window_backward'
[0.059] Ignoring invalid config line: 'kitty_mod+` move_window_to_top'
[0.059] Ignoring invalid config line: 'kitty_mod+r start_resizing_window'
[0.059] Ignoring invalid config line: 'cmd+r       start_resizing_window'
[0.059] Ignoring invalid config line: 'kitty_mod+1 first_window'
[0.059] Ignoring invalid config line: 'cmd+1       first_window'
[0.059] Ignoring invalid config line: 'kitty_mod+2 second_window'
[0.059] Ignoring invalid config line: 'cmd+2       second_window'
[0.059] Ignoring invalid config line: 'kitty_mod+3 third_window'
[0.059] Ignoring invalid config line: 'cmd+3       third_window'
[0.059] Ignoring invalid config line: 'kitty_mod+4 fourth_window'
[0.059] Ignoring invalid config line: 'cmd+4       fourth_window'
[0.059] Ignoring invalid config line: 'kitty_mod+5 fifth_window'
[0.059] Ignoring invalid config line: 'cmd+5       fifth_window'
[0.059] Ignoring invalid config line: 'kitty_mod+6 sixth_window'
[0.059] Ignoring invalid config line: 'cmd+6       sixth_window'
[0.059] Ignoring invalid config line: 'kitty_mod+7 seventh_window'
[0.059] Ignoring invalid config line: 'cmd+7       seventh_window'
[0.059] Ignoring invalid config line: 'kitty_mod+8 eighth_window'
[0.059] Ignoring invalid config line: 'cmd+8       eighth_window'
[0.059] Ignoring invalid config line: 'kitty_mod+9 ninth_window'
[0.059] Ignoring invalid config line: 'cmd+9       ninth_window'
[0.059] Ignoring invalid config line: 'kitty_mod+0 tenth_window'
[0.059] Ignoring invalid config line: 'kitty_mod+f7 focus_visible_window'
[0.059] Ignoring invalid config line: 'kitty_mod+f8 swap_with_window'
[0.059] Ignoring invalid config line: 'kitty_mod+right next_tab'
[0.059] Ignoring invalid config line: 'shift+cmd+]     next_tab'
[0.059] Ignoring invalid config line: 'ctrl+tab        next_tab'
[0.059] Ignoring invalid config line: 'kitty_mod+left previous_tab'
[0.059] Ignoring invalid config line: 'shift+cmd+[    previous_tab'
[0.059] Ignoring invalid config line: 'ctrl+shift+tab previous_tab'
[0.059] Ignoring invalid config line: 'kitty_mod+t new_tab'
[0.059] Ignoring invalid config line: 'cmd+t       new_tab'
[0.059] Ignoring invalid config line: 'kitty_mod+q close_tab'
[0.059] Ignoring invalid config line: 'cmd+w       close_tab'
[0.059] Ignoring invalid config line: 'shift+cmd+w close_os_window'
[0.059] Ignoring invalid config line: 'kitty_mod+. move_tab_forward'
[0.059] Ignoring invalid config line: 'kitty_mod+, move_tab_backward'
[0.059] Ignoring invalid config line: 'kitty_mod+alt+t set_tab_title'
[0.059] Ignoring invalid config line: 'shift+cmd+i     set_tab_title'
[0.060] Ignoring invalid config line: 'kitty_mod+l next_layout'
[0.060] Ignoring invalid config line: 'kitty_mod+equal  change_font_size all +2.0'
[0.060] Ignoring invalid config line: 'kitty_mod+plus   change_font_size all +2.0'
[0.060] Ignoring invalid config line: 'kitty_mod+kp_add change_font_size all +2.0'
[0.060] Ignoring invalid config line: 'cmd+plus         change_font_size all +2.0'
[0.060] Ignoring invalid config line: 'cmd+equal        change_font_size all +2.0'
[0.060] Ignoring invalid config line: 'shift+cmd+equal  change_font_size all +2.0'
[0.060] Ignoring invalid config line: 'kitty_mod+minus       change_font_size all -2.0'
[0.060] Ignoring invalid config line: 'kitty_mod+kp_subtract change_font_size all -2.0'
[0.060] Ignoring invalid config line: 'cmd+minus             change_font_size all -2.0'
[0.060] Ignoring invalid config line: 'shift+cmd+minus       change_font_size all -2.0'
[0.060] Ignoring invalid config line: 'kitty_mod+backspace change_font_size all 0'
[0.060] Ignoring invalid config line: 'cmd+0               change_font_size all 0'
[0.060] Ignoring invalid config line: 'kitty_mod+e open_url_with_hints'
[0.060] Ignoring invalid config line: 'kitty_mod+p>f kitten hints --type path --program -'
[0.060] Ignoring invalid config line: 'kitty_mod+p>shift+f kitten hints --type path'
[0.060] Ignoring invalid config line: 'kitty_mod+p>l kitten hints --type line --program -'
[0.060] Ignoring invalid config line: 'kitty_mod+p>w kitten hints --type word --program -'
[0.060] Ignoring invalid config line: 'kitty_mod+p>h kitten hints --type hash --program -'
[0.060] Ignoring invalid config line: 'kitty_mod+p>n kitten hints --type linenum'
[0.060] Ignoring invalid config line: 'kitty_mod+p>y kitten hints --type hyperlink'
[0.060] Ignoring invalid config line: 'kitty_mod+f1 show_kitty_doc overview'
[0.060] Ignoring invalid config line: 'kitty_mod+f11 toggle_fullscreen'
[0.060] Ignoring invalid config line: 'ctrl+cmd+f    toggle_fullscreen'
[0.060] Ignoring invalid config line: 'kitty_mod+f10 toggle_maximized'
[0.060] Ignoring invalid config line: 'opt+cmd+s toggle_macos_secure_keyboard_entry'
[0.060] Ignoring invalid config line: 'cmd+` macos_cycle_through_os_windows'
[0.060] Ignoring invalid config line: 'kitty_mod+u    kitten unicode_input'
[0.060] Ignoring invalid config line: 'ctrl+cmd+space kitten unicode_input'
[0.060] Ignoring invalid config line: 'kitty_mod+f2 edit_config_file'
[0.060] Ignoring invalid config line: 'cmd+,        edit_config_file'
[0.060] Ignoring invalid config line: 'kitty_mod+escape kitty_shell window'
[0.060] Ignoring invalid config line: 'kitty_mod+a>m set_background_opacity +0.1'
[0.060] Ignoring invalid config line: 'kitty_mod+a>l set_background_opacity -0.1'
[0.060] Ignoring invalid config line: 'kitty_mod+a>1 set_background_opacity 1'
[0.060] Ignoring invalid config line: 'kitty_mod+a>d set_background_opacity default'
[0.060] Ignoring invalid config line: 'kitty_mod+delete clear_terminal reset active'
[0.060] Ignoring invalid config line: 'opt+cmd+r        clear_terminal reset active'
[0.060] Ignoring invalid config line: 'cmd+k clear_terminal to_cursor active'
[0.060] Ignoring invalid config line: 'option+cmd+k clear_terminal scrollback active'
[0.060] Ignoring invalid config line: 'cmd+l clear_terminal last_command active'
[0.060] Ignoring invalid config line: 'cmd+ctrl+l clear_terminal to_cursor_scroll active'
[0.061] Ignoring invalid config line: 'kitty_mod+f5 load_config_file'
[0.061] Ignoring invalid config line: 'ctrl+cmd+,   load_config_file'
[0.061] Ignoring invalid config line: 'kitty_mod+f6 debug_config'
[0.061] Ignoring invalid config line: 'opt+cmd+,    debug_config'
[0.061] Ignoring invalid config line: 'shift+cmd+/ open_url https://sw.kovidgoyal.net/kitty/'
[0.061] Ignoring invalid config line: 'cmd+h hide_macos_app'
[0.061] Ignoring invalid config line: 'opt+cmd+h hide_macos_other_apps'
[0.061] Ignoring invalid config line: 'cmd+m minimize_macos_window'
[0.061] Ignoring invalid config line: 'cmd+q quit'
[0.061] Ignoring invalid config line: 'foreground'
[0.054] Ignoring invalid config line: 'kitty_mod+c copy_to_clipboard'
[0.054] Ignoring invalid config line: 'cmd+c copy_or_noop'
[0.054] Ignoring invalid config line: 'kitty_mod+v paste_from_clipboard'
[0.054] Ignoring invalid config line: 'cmd+v       paste_from_clipboard'
[0.054] Ignoring invalid config line: 'kitty_mod+s  paste_from_selection'
[0.054] Ignoring invalid config line: 'shift+insert paste_from_selection'
[0.054] Ignoring invalid config line: 'kitty_mod+o pass_selection_to_program'
[0.054] Ignoring invalid config line: 'kitty_mod+up    scroll_line_up'
[0.054] Ignoring invalid config line: 'kitty_mod+k     scroll_line_up'
[0.054] Ignoring invalid config line: 'opt+cmd+page_up scroll_line_up'
[0.054] Ignoring invalid config line: 'cmd+up          scroll_line_up'
[0.054] Ignoring invalid config line: 'kitty_mod+down    scroll_line_down'
[0.054] Ignoring invalid config line: 'kitty_mod+j       scroll_line_down'
[0.054] Ignoring invalid config line: 'opt+cmd+page_down scroll_line_down'
[0.054] Ignoring invalid config line: 'cmd+down          scroll_line_down'
[0.054] Ignoring invalid config line: 'kitty_mod+page_up scroll_page_up'
[0.054] Ignoring invalid config line: 'cmd+page_up       scroll_page_up'
[0.055] Ignoring invalid config line: 'kitty_mod+page_down scroll_page_down'
[0.055] Ignoring invalid config line: 'cmd+page_down       scroll_page_down'
[0.055] Ignoring invalid config line: 'kitty_mod+home scroll_home'
[0.055] Ignoring invalid config line: 'cmd+home       scroll_home'
[0.055] Ignoring invalid config line: 'kitty_mod+end scroll_end'
[0.055] Ignoring invalid config line: 'cmd+end       scroll_end'
[0.055] Ignoring invalid config line: 'kitty_mod+z scroll_to_prompt -1'
[0.055] Ignoring invalid config line: 'kitty_mod+x scroll_to_prompt 1'
[0.055] Ignoring invalid config line: 'kitty_mod+h show_scrollback'
[0.055] Ignoring invalid config line: 'kitty_mod+g show_last_command_output'
[0.055] Ignoring invalid config line: 'kitty_mod+enter new_window'
[0.055] Ignoring invalid config line: 'cmd+enter       new_window'
[0.055] Ignoring invalid config line: 'kitty_mod+n new_os_window'
[0.055] Ignoring invalid config line: 'cmd+n       new_os_window'
[0.055] Ignoring invalid config line: 'kitty_mod+w close_window'
[0.055] Ignoring invalid config line: 'shift+cmd+d close_window'
[0.055] Ignoring invalid config line: 'kitty_mod+] next_window'
[0.055] Ignoring invalid config line: 'kitty_mod+[ previous_window'
[0.055] Ignoring invalid config line: 'kitty_mod+f move_window_forward'
[0.055] Ignoring invalid config line: 'kitty_mod+b move_window_backward'
[0.055] Ignoring invalid config line: 'kitty_mod+` move_window_to_top'
[0.055] Ignoring invalid config line: 'kitty_mod+r start_resizing_window'
[0.055] Ignoring invalid config line: 'cmd+r       start_resizing_window'
[0.055] Ignoring invalid config line: 'kitty_mod+1 first_window'
[0.055] Ignoring invalid config line: 'cmd+1       first_window'
[0.055] Ignoring invalid config line: 'kitty_mod+2 second_window'
[0.055] Ignoring invalid config line: 'cmd+2       second_window'
[0.055] Ignoring invalid config line: 'kitty_mod+3 third_window'
[0.055] Ignoring invalid config line: 'cmd+3       third_window'
[0.055] Ignoring invalid config line: 'kitty_mod+4 fourth_window'
[0.055] Ignoring invalid config line: 'cmd+4       fourth_window'
[0.055] Ignoring invalid config line: 'kitty_mod+5 fifth_window'
[0.055] Ignoring invalid config line: 'cmd+5       fifth_window'
[0.055] Ignoring invalid config line: 'kitty_mod+6 sixth_window'
[0.055] Ignoring invalid config line: 'cmd+6       sixth_window'
[0.055] Ignoring invalid config line: 'kitty_mod+7 seventh_window'
[0.055] Ignoring invalid config line: 'cmd+7       seventh_window'
[0.055] Ignoring invalid config line: 'kitty_mod+8 eighth_window'
[0.055] Ignoring invalid config line: 'cmd+8       eighth_window'
[0.055] Ignoring invalid config line: 'kitty_mod+9 ninth_window'
[0.055] Ignoring invalid config line: 'cmd+9       ninth_window'
[0.055] Ignoring invalid config line: 'kitty_mod+0 tenth_window'
[0.055] Ignoring invalid config line: 'kitty_mod+f7 focus_visible_window'
[0.055] Ignoring invalid config line: 'kitty_mod+f8 swap_with_window'
[0.055] Ignoring invalid config line: 'kitty_mod+right next_tab'
[0.055] Ignoring invalid config line: 'shift+cmd+]     next_tab'
[0.055] Ignoring invalid config line: 'ctrl+tab        next_tab'
[0.055] Ignoring invalid config line: 'kitty_mod+left previous_tab'
[0.055] Ignoring invalid config line: 'shift+cmd+[    previous_tab'
[0.056] Ignoring invalid config line: 'ctrl+shift+tab previous_tab'
[0.056] Ignoring invalid config line: 'kitty_mod+t new_tab'
[0.056] Ignoring invalid config line: 'cmd+t       new_tab'
[0.056] Ignoring invalid config line: 'kitty_mod+q close_tab'
[0.056] Ignoring invalid config line: 'cmd+w       close_tab'
[0.056] Ignoring invalid config line: 'shift+cmd+w close_os_window'
[0.056] Ignoring invalid config line: 'kitty_mod+. move_tab_forward'
[0.056] Ignoring invalid config line: 'kitty_mod+, move_tab_backward'
[0.056] Ignoring invalid config line: 'kitty_mod+alt+t set_tab_title'
[0.056] Ignoring invalid config line: 'shift+cmd+i     set_tab_title'
[0.056] Ignoring invalid config line: 'kitty_mod+l next_layout'
[0.056] Ignoring invalid config line: 'kitty_mod+equal  change_font_size all +2.0'
[0.056] Ignoring invalid config line: 'kitty_mod+plus   change_font_size all +2.0'
[0.056] Ignoring invalid config line: 'kitty_mod+kp_add change_font_size all +2.0'
[0.056] Ignoring invalid config line: 'cmd+plus         change_font_size all +2.0'
[0.056] Ignoring invalid config line: 'cmd+equal        change_font_size all +2.0'
[0.056] Ignoring invalid config line: 'shift+cmd+equal  change_font_size all +2.0'
[0.056] Ignoring invalid config line: 'kitty_mod+minus       change_font_size all -2.0'
[0.056] Ignoring invalid config line: 'kitty_mod+kp_subtract change_font_size all -2.0'
[0.056] Ignoring invalid config line: 'cmd+minus             change_font_size all -2.0'
[0.056] Ignoring invalid config line: 'shift+cmd+minus       change_font_size all -2.0'
[0.056] Ignoring invalid config line: 'kitty_mod+backspace change_font_size all 0'
[0.056] Ignoring invalid config line: 'cmd+0               change_font_size all 0'
[0.056] Ignoring invalid config line: 'kitty_mod+e open_url_with_hints'
[0.056] Ignoring invalid config line: 'kitty_mod+p>f kitten hints --type path --program -'
[0.056] Ignoring invalid config line: 'kitty_mod+p>shift+f kitten hints --type path'
[0.056] Ignoring invalid config line: 'kitty_mod+p>l kitten hints --type line --program -'
[0.056] Ignoring invalid config line: 'kitty_mod+p>w kitten hints --type word --program -'
[0.056] Ignoring invalid config line: 'kitty_mod+p>h kitten hints --type hash --program -'
[0.056] Ignoring invalid config line: 'kitty_mod+p>n kitten hints --type linenum'
[0.056] Ignoring invalid config line: 'kitty_mod+p>y kitten hints --type hyperlink'
[0.056] Ignoring invalid config line: 'kitty_mod+f1 show_kitty_doc overview'
[0.056] Ignoring invalid config line: 'kitty_mod+f11 toggle_fullscreen'
[0.056] Ignoring invalid config line: 'ctrl+cmd+f    toggle_fullscreen'
[0.056] Ignoring invalid config line: 'kitty_mod+f10 toggle_maximized'
[0.056] Ignoring invalid config line: 'opt+cmd+s toggle_macos_secure_keyboard_entry'
[0.056] Ignoring invalid config line: 'cmd+` macos_cycle_through_os_windows'
[0.056] Ignoring invalid config line: 'kitty_mod+u    kitten unicode_input'
[0.056] Ignoring invalid config line: 'ctrl+cmd+space kitten unicode_input'
[0.056] Ignoring invalid config line: 'kitty_mod+f2 edit_config_file'
[0.056] Ignoring invalid config line: 'cmd+,        edit_config_file'
[0.056] Ignoring invalid config line: 'kitty_mod+escape kitty_shell window'
[0.056] Ignoring invalid config line: 'kitty_mod+a>m set_background_opacity +0.1'
[0.056] Ignoring invalid config line: 'kitty_mod+a>l set_background_opacity -0.1'
[0.056] Ignoring invalid config line: 'kitty_mod+a>1 set_background_opacity 1'
[0.056] Ignoring invalid config line: 'kitty_mod+a>d set_background_opacity default'
[0.056] Ignoring invalid config line: 'kitty_mod+delete clear_terminal reset active'
[0.056] Ignoring invalid config line: 'opt+cmd+r        clear_terminal reset active'
[0.057] Ignoring invalid config line: 'cmd+k clear_terminal to_cursor active'
[0.057] Ignoring invalid config line: 'option+cmd+k clear_terminal scrollback active'
[0.057] Ignoring invalid config line: 'cmd+l clear_terminal last_command active'
[0.057] Ignoring invalid config line: 'cmd+ctrl+l clear_terminal to_cursor_scroll active'
[0.057] Ignoring invalid config line: 'kitty_mod+f5 load_config_file'
[0.057] Ignoring invalid config line: 'ctrl+cmd+,   load_config_file'
[0.057] Ignoring invalid config line: 'kitty_mod+f6 debug_config'
[0.057] Ignoring invalid config line: 'opt+cmd+,    debug_config'
[0.057] Ignoring invalid config line: 'shift+cmd+/ open_url https://sw.kovidgoyal.net/kitty/'
[0.057] Ignoring invalid config line: 'cmd+h hide_macos_app'
[0.057] Ignoring invalid config line: 'opt+cmd+h hide_macos_other_apps'
[0.057] Ignoring invalid config line: 'cmd+m minimize_macos_window'
[0.057] Ignoring invalid config line: 'cmd+q quit'
[0.057] Ignoring invalid config line: 'foreground'
